day,instrument_id,instrument_name,code,metric,value,source,weighting,coverage_note
2016-09-14,csi_dividend,中证红利,000922,dyr,3.72,guzhibiao-public-funddb-history,funddb-native-unverified,separate-candidate-do-not-merge-with-official-weighted-history
2016-09-23,csi_dividend,中证红利,000922,dyr,3.68,guzhibiao-public-funddb-history,funddb-native-unverified,separate-candidate-do-not-merge-with-official-weighted-history
2016-09-30,csi_dividend,中证红利,000922,dyr,3.65,guzhibiao-public-funddb-history,funddb-native-unverified,separate-candidate-do-not-merge-with-official-weighted-history
2016-10-14,csi_dividend,中证红利,000922,dyr,3.62,guzhibiao-public-funddb-history,funddb-native-unverified,separate-candidate-do-not-merge-with-official-weighted-history
2016-10-21,csi_dividend,中证红利,000922,dyr,3.57,guzhibiao-public-funddb-history,funddb-native-unverified,separate-candidate-do-not-merge-with-official-weighted-history
2016-10-28,csi_dividend,中证红利,000922,dyr,3.57,guzhibiao-public-funddb-history,funddb-native-unverified,separate-candidate-do-not-merge-with-official-weighted-history
2016-11-04,csi_dividend,中证红利,000922,dyr,3.57,guzhibiao-public-funddb-history,funddb-native-unverified,separate-candidate-do-not-merge-with-official-weighted-history
2016-11-11,csi_dividend,中证红利,000922,dyr,3.52,guzhibiao-public-funddb-history,funddb-native-unverified,separate-candidate-do-not-merge-with-official-weighted-history
2016-11-18,csi_dividend,中证红利,000922,dyr,3.52,guzhibiao-public-funddb-history,funddb-native-unverified,separate-candidate-do-not-merge-with-official-weighted-history
2016-11-25,csi_dividend,中证红利,000922,dyr,3.4,guzhibiao-public-funddb-history,funddb-native-unverified,separate-candidate-do-not-merge-with-official-weighted-history
2016-12-02,csi_dividend,中证红利,000922,dyr,3.36,guzhibiao-public-funddb-history,funddb-native-unverified,separate-candidate-do-not-merge-with-official-weighted-history
2016-12-09,csi_dividend,中证红利,000922,dyr,3.37,guzhibiao-public-funddb-history,funddb-native-unverified,separate-candidate-do-not-merge-with-official-weighted-history
2016-12-16,csi_dividend,中证红利,000922,dyr,3.49,guzhibiao-public-funddb-history,funddb-native-unverified,separate-candidate-do-not-merge-with-official-weighted-history
2016-12-23,csi_dividend,中证红利,000922,dyr,3.5,guzhibiao-public-funddb-history,funddb-native-unverified,separate-candidate-do-not-merge-with-official-weighted-history
2016-12-30,csi_dividend,中证红利,000922,dyr,3.5,guzhibiao-public-funddb-history,funddb-native-unverified,separate-candidate-do-not-merge-with-official-weighted-history
2017-01-06,csi_dividend,中证红利,000922,dyr,3.43,guzhibiao-public-funddb-history,funddb-native-unverified,separate-candidate-do-not-merge-with-official-weighted-history
2017-01-13,csi_dividend,中证红利,000922,dyr,3.44,guzhibiao-public-funddb-history,funddb-native-unverified,separate-candidate-do-not-merge-with-official-weighted-history
2017-01-20,csi_dividend,中证红利,000922,dyr,3.38,guzhibiao-public-funddb-history,funddb-native-unverified,separate-candidate-do-not-merge-with-official-weighted-history
2017-01-26,csi_dividend,中证红利,000922,dyr,3.33,guzhibiao-public-funddb-history,funddb-native-unverified,separate-candidate-do-not-merge-with-official-weighted-history
2017-02-03,csi_dividend,中证红利,000922,dyr,3.36,guzhibiao-public-funddb-history,funddb-native-unverified,separate-candidate-do-not-merge-with-official-weighted-history
2017-02-10,csi_dividend,中证红利,000922,dyr,3.34,guzhibiao-public-funddb-history,funddb-native-unverified,separate-candidate-do-not-merge-with-official-weighted-history
2017-02-17,csi_dividend,中证红利,000922,dyr,3.32,guzhibiao-public-funddb-history,funddb-native-unverified,separate-candidate-do-not-merge-with-official-weighted-history
2017-02-24,csi_dividend,中证红利,000922,dyr,3.28,guzhibiao-public-funddb-history,funddb-native-unverified,separate-candidate-do-not-merge-with-official-weighted-history
2017-03-03,csi_dividend,中证红利,000922,dyr,3.3,guzhibiao-public-funddb-history,funddb-native-unverified,separate-candidate-do-not-merge-with-official-weighted-history
2017-03-10,csi_dividend,中证红利,000922,dyr,3.32,guzhibiao-public-funddb-history,funddb-native-unverified,separate-candidate-do-not-merge-with-official-weighted-history
2017-03-17,csi_dividend,中证红利,000922,dyr,3.31,guzhibiao-public-funddb-history,funddb-native-unverified,separate-candidate-do-not-merge-with-official-weighted-history
2017-03-24,csi_dividend,中证红利,000922,dyr,3.26,guzhibiao-public-funddb-history,funddb-native-unverified,separate-candidate-do-not-merge-with-official-weighted-history
2017-03-31,csi_dividend,中证红利,000922,dyr,3.26,guzhibiao-public-funddb-history,funddb-native-unverified,separate-candidate-do-not-merge-with-official-weighted-history
2017-04-07,csi_dividend,中证红利,000922,dyr,3.21,guzhibiao-public-funddb-history,funddb-native-unverified,separate-candidate-do-not-merge-with-official-weighted-history
2017-04-14,csi_dividend,中证红利,000922,dyr,3.24,guzhibiao-public-funddb-history,funddb-native-unverified,separate-candidate-do-not-merge-with-official-weighted-history
2017-04-21,csi_dividend,中证红利,000922,dyr,3.27,guzhibiao-public-funddb-history,funddb-native-unverified,separate-candidate-do-not-merge-with-official-weighted-history
2017-04-28,csi_dividend,中证红利,000922,dyr,3.27,guzhibiao-public-funddb-history,funddb-native-unverified,separate-candidate-do-not-merge-with-official-weighted-history
2017-05-05,csi_dividend,中证红利,000922,dyr,3.27,guzhibiao-public-funddb-history,funddb-native-unverified,separate-candidate-do-not-merge-with-official-weighted-history
2017-05-12,csi_dividend,中证红利,000922,dyr,3.27,guzhibiao-public-funddb-history,funddb-native-unverified,separate-candidate-do-not-merge-with-official-weighted-history
2017-05-19,csi_dividend,中证红利,000922,dyr,3.29,guzhibiao-public-funddb-history,funddb-native-unverified,separate-candidate-do-not-merge-with-official-weighted-history
2017-05-26,csi_dividend,中证红利,000922,dyr,3.17,guzhibiao-public-funddb-history,funddb-native-unverified,separate-candidate-do-not-merge-with-official-weighted-history
2017-06-02,csi_dividend,中证红利,000922,dyr,3.15,guzhibiao-public-funddb-history,funddb-native-unverified,separate-candidate-do-not-merge-with-official-weighted-history
2017-06-09,csi_dividend,中证红利,000922,dyr,2.98,guzhibiao-public-funddb-history,funddb-native-unverified,separate-candidate-do-not-merge-with-official-weighted-history
2017-06-16,csi_dividend,中证红利,000922,dyr,3.41,guzhibiao-public-funddb-history,funddb-native-unverified,separate-candidate-do-not-merge-with-official-weighted-history
2017-06-23,csi_dividend,中证红利,000922,dyr,3.53,guzhibiao-public-funddb-history,funddb-native-unverified,separate-candidate-do-not-merge-with-official-weighted-history
2017-06-30,csi_dividend,中证红利,000922,dyr,3.01,guzhibiao-public-funddb-history,funddb-native-unverified,separate-candidate-do-not-merge-with-official-weighted-history
2017-07-07,csi_dividend,中证红利,000922,dyr,3.14,guzhibiao-public-funddb-history,funddb-native-unverified,separate-candidate-do-not-merge-with-official-weighted-history
2017-07-14,csi_dividend,中证红利,000922,dyr,3.04,guzhibiao-public-funddb-history,funddb-native-unverified,separate-candidate-do-not-merge-with-official-weighted-history
2017-07-21,csi_dividend,中证红利,000922,dyr,3.42,guzhibiao-public-funddb-history,funddb-native-unverified,separate-candidate-do-not-merge-with-official-weighted-history
2017-07-28,csi_dividend,中证红利,000922,dyr,3.4,guzhibiao-public-funddb-history,funddb-native-unverified,separate-candidate-do-not-merge-with-official-weighted-history
2017-08-04,csi_dividend,中证红利,000922,dyr,3.38,guzhibiao-public-funddb-history,funddb-native-unverified,separate-candidate-do-not-merge-with-official-weighted-history
2017-08-11,csi_dividend,中证红利,000922,dyr,3.45,guzhibiao-public-funddb-history,funddb-native-unverified,separate-candidate-do-not-merge-with-official-weighted-history
2017-08-18,csi_dividend,中证红利,000922,dyr,3.36,guzhibiao-public-funddb-history,funddb-native-unverified,separate-candidate-do-not-merge-with-official-weighted-history
2017-08-25,csi_dividend,中证红利,000922,dyr,3.2,guzhibiao-public-funddb-history,funddb-native-unverified,separate-candidate-do-not-merge-with-official-weighted-history
2017-09-01,csi_dividend,中证红利,000922,dyr,3.3,guzhibiao-public-funddb-history,funddb-native-unverified,separate-candidate-do-not-merge-with-official-weighted-history
2017-09-08,csi_dividend,中证红利,000922,dyr,3.29,guzhibiao-public-funddb-history,funddb-native-unverified,separate-candidate-do-not-merge-with-official-weighted-history
2017-09-15,csi_dividend,中证红利,000922,dyr,3.31,guzhibiao-public-funddb-history,funddb-native-unverified,separate-candidate-do-not-merge-with-official-weighted-history
2017-09-22,csi_dividend,中证红利,000922,dyr,3.35,guzhibiao-public-funddb-history,funddb-native-unverified,separate-candidate-do-not-merge-with-official-weighted-history
2017-09-29,csi_dividend,中证红利,000922,dyr,3.33,guzhibiao-public-funddb-history,funddb-native-unverified,separate-candidate-do-not-merge-with-official-weighted-history
2017-10-13,csi_dividend,中证红利,000922,dyr,3.28,guzhibiao-public-funddb-history,funddb-native-unverified,separate-candidate-do-not-merge-with-official-weighted-history
2017-10-20,csi_dividend,中证红利,000922,dyr,3.25,guzhibiao-public-funddb-history,funddb-native-unverified,separate-candidate-do-not-merge-with-official-weighted-history
2017-10-27,csi_dividend,中证红利,000922,dyr,3.23,guzhibiao-public-funddb-history,funddb-native-unverified,separate-candidate-do-not-merge-with-official-weighted-history
2017-11-03,csi_dividend,中证红利,000922,dyr,3.25,guzhibiao-public-funddb-history,funddb-native-unverified,separate-candidate-do-not-merge-with-official-weighted-history
2017-11-10,csi_dividend,中证红利,000922,dyr,3.24,guzhibiao-public-funddb-history,funddb-native-unverified,separate-candidate-do-not-merge-with-official-weighted-history
2017-11-17,csi_dividend,中证红利,000922,dyr,3.19,guzhibiao-public-funddb-history,funddb-native-unverified,separate-candidate-do-not-merge-with-official-weighted-history
2017-11-24,csi_dividend,中证红利,000922,dyr,3.16,guzhibiao-public-funddb-history,funddb-native-unverified,separate-candidate-do-not-merge-with-official-weighted-history
2017-12-01,csi_dividend,中证红利,000922,dyr,3.24,guzhibiao-public-funddb-history,funddb-native-unverified,separate-candidate-do-not-merge-with-official-weighted-history
2017-12-08,csi_dividend,中证红利,000922,dyr,3.26,guzhibiao-public-funddb-history,funddb-native-unverified,separate-candidate-do-not-merge-with-official-weighted-history
2017-12-15,csi_dividend,中证红利,000922,dyr,3.64,guzhibiao-public-funddb-history,funddb-native-unverified,separate-candidate-do-not-merge-with-official-weighted-history
2017-12-22,csi_dividend,中证红利,000922,dyr,3.58,guzhibiao-public-funddb-history,funddb-native-unverified,separate-candidate-do-not-merge-with-official-weighted-history
2017-12-29,csi_dividend,中证红利,000922,dyr,3.54,guzhibiao-public-funddb-history,funddb-native-unverified,separate-candidate-do-not-merge-with-official-weighted-history
2018-01-05,csi_dividend,中证红利,000922,dyr,3.44,guzhibiao-public-funddb-history,funddb-native-unverified,separate-candidate-do-not-merge-with-official-weighted-history
2018-01-12,csi_dividend,中证红利,000922,dyr,3.34,guzhibiao-public-funddb-history,funddb-native-unverified,separate-candidate-do-not-merge-with-official-weighted-history
2018-01-19,csi_dividend,中证红利,000922,dyr,3.21,guzhibiao-public-funddb-history,funddb-native-unverified,separate-candidate-do-not-merge-with-official-weighted-history
2018-01-26,csi_dividend,中证红利,000922,dyr,3.11,guzhibiao-public-funddb-history,funddb-native-unverified,separate-candidate-do-not-merge-with-official-weighted-history
2018-02-02,csi_dividend,中证红利,000922,dyr,3.11,guzhibiao-public-funddb-history,funddb-native-unverified,separate-candidate-do-not-merge-with-official-weighted-history
2018-02-09,csi_dividend,中证红利,000922,dyr,3.45,guzhibiao-public-funddb-history,funddb-native-unverified,separate-candidate-do-not-merge-with-official-weighted-history
2018-02-14,csi_dividend,中证红利,000922,dyr,3.38,guzhibiao-public-funddb-history,funddb-native-unverified,separate-candidate-do-not-merge-with-official-weighted-history
2018-02-23,csi_dividend,中证红利,000922,dyr,3.29,guzhibiao-public-funddb-history,funddb-native-unverified,separate-candidate-do-not-merge-with-official-weighted-history
2018-03-02,csi_dividend,中证红利,000922,dyr,3.41,guzhibiao-public-funddb-history,funddb-native-unverified,separate-candidate-do-not-merge-with-official-weighted-history
2018-03-09,csi_dividend,中证红利,000922,dyr,3.39,guzhibiao-public-funddb-history,funddb-native-unverified,separate-candidate-do-not-merge-with-official-weighted-history
2018-03-16,csi_dividend,中证红利,000922,dyr,3.43,guzhibiao-public-funddb-history,funddb-native-unverified,separate-candidate-do-not-merge-with-official-weighted-history
2018-03-23,csi_dividend,中证红利,000922,dyr,3.52,guzhibiao-public-funddb-history,funddb-native-unverified,separate-candidate-do-not-merge-with-official-weighted-history
2018-03-30,csi_dividend,中证红利,000922,dyr,3.61,guzhibiao-public-funddb-history,funddb-native-unverified,separate-candidate-do-not-merge-with-official-weighted-history
2018-04-04,csi_dividend,中证红利,000922,dyr,3.66,guzhibiao-public-funddb-history,funddb-native-unverified,separate-candidate-do-not-merge-with-official-weighted-history
2018-04-13,csi_dividend,中证红利,000922,dyr,3.63,guzhibiao-public-funddb-history,funddb-native-unverified,separate-candidate-do-not-merge-with-official-weighted-history
2018-04-20,csi_dividend,中证红利,000922,dyr,3.69,guzhibiao-public-funddb-history,funddb-native-unverified,separate-candidate-do-not-merge-with-official-weighted-history
2018-04-27,csi_dividend,中证红利,000922,dyr,3.66,guzhibiao-public-funddb-history,funddb-native-unverified,separate-candidate-do-not-merge-with-official-weighted-history
2018-05-04,csi_dividend,中证红利,000922,dyr,3.69,guzhibiao-public-funddb-history,funddb-native-unverified,separate-candidate-do-not-merge-with-official-weighted-history
2018-05-11,csi_dividend,中证红利,000922,dyr,3.56,guzhibiao-public-funddb-history,funddb-native-unverified,separate-candidate-do-not-merge-with-official-weighted-history
2018-05-18,csi_dividend,中证红利,000922,dyr,3.49,guzhibiao-public-funddb-history,funddb-native-unverified,separate-candidate-do-not-merge-with-official-weighted-history
2018-05-25,csi_dividend,中证红利,000922,dyr,3.61,guzhibiao-public-funddb-history,funddb-native-unverified,separate-candidate-do-not-merge-with-official-weighted-history
2018-06-01,csi_dividend,中证红利,000922,dyr,4.03,guzhibiao-public-funddb-history,funddb-native-unverified,separate-candidate-do-not-merge-with-official-weighted-history
2018-06-08,csi_dividend,中证红利,000922,dyr,4.3,guzhibiao-public-funddb-history,funddb-native-unverified,separate-candidate-do-not-merge-with-official-weighted-history
2018-06-15,csi_dividend,中证红利,000922,dyr,4.09,guzhibiao-public-funddb-history,funddb-native-unverified,separate-candidate-do-not-merge-with-official-weighted-history
2018-06-22,csi_dividend,中证红利,000922,dyr,4.1,guzhibiao-public-funddb-history,funddb-native-unverified,separate-candidate-do-not-merge-with-official-weighted-history
2018-06-29,csi_dividend,中证红利,000922,dyr,4.49,guzhibiao-public-funddb-history,funddb-native-unverified,separate-candidate-do-not-merge-with-official-weighted-history
2018-07-06,csi_dividend,中证红利,000922,dyr,4.5,guzhibiao-public-funddb-history,funddb-native-unverified,separate-candidate-do-not-merge-with-official-weighted-history
2018-07-13,csi_dividend,中证红利,000922,dyr,3.67,guzhibiao-public-funddb-history,funddb-native-unverified,separate-candidate-do-not-merge-with-official-weighted-history
2018-07-20,csi_dividend,中证红利,000922,dyr,3.87,guzhibiao-public-funddb-history,funddb-native-unverified,separate-candidate-do-not-merge-with-official-weighted-history
2018-07-27,csi_dividend,中证红利,000922,dyr,3.75,guzhibiao-public-funddb-history,funddb-native-unverified,separate-candidate-do-not-merge-with-official-weighted-history
2018-08-03,csi_dividend,中证红利,000922,dyr,3.94,guzhibiao-public-funddb-history,funddb-native-unverified,separate-candidate-do-not-merge-with-official-weighted-history
2018-08-10,csi_dividend,中证红利,000922,dyr,3.9,guzhibiao-public-funddb-history,funddb-native-unverified,separate-candidate-do-not-merge-with-official-weighted-history
2018-08-17,csi_dividend,中证红利,000922,dyr,4.11,guzhibiao-public-funddb-history,funddb-native-unverified,separate-candidate-do-not-merge-with-official-weighted-history
2018-08-24,csi_dividend,中证红利,000922,dyr,4.08,guzhibiao-public-funddb-history,funddb-native-unverified,separate-candidate-do-not-merge-with-official-weighted-history
2018-08-31,csi_dividend,中证红利,000922,dyr,3.98,guzhibiao-public-funddb-history,funddb-native-unverified,separate-candidate-do-not-merge-with-official-weighted-history
2018-09-07,csi_dividend,中证红利,000922,dyr,4.06,guzhibiao-public-funddb-history,funddb-native-unverified,separate-candidate-do-not-merge-with-official-weighted-history
2018-09-14,csi_dividend,中证红利,000922,dyr,4.19,guzhibiao-public-funddb-history,funddb-native-unverified,separate-candidate-do-not-merge-with-official-weighted-history
2018-09-21,csi_dividend,中证红利,000922,dyr,3.88,guzhibiao-public-funddb-history,funddb-native-unverified,separate-candidate-do-not-merge-with-official-weighted-history
2018-09-28,csi_dividend,中证红利,000922,dyr,3.82,guzhibiao-public-funddb-history,funddb-native-unverified,separate-candidate-do-not-merge-with-official-weighted-history
2018-10-12,csi_dividend,中证红利,000922,dyr,4.06,guzhibiao-public-funddb-history,funddb-native-unverified,separate-candidate-do-not-merge-with-official-weighted-history
2018-10-19,csi_dividend,中证红利,000922,dyr,4.07,guzhibiao-public-funddb-history,funddb-native-unverified,separate-candidate-do-not-merge-with-official-weighted-history
2018-10-26,csi_dividend,中证红利,000922,dyr,4,guzhibiao-public-funddb-history,funddb-native-unverified,separate-candidate-do-not-merge-with-official-weighted-history
2018-11-02,csi_dividend,中证红利,000922,dyr,3.95,guzhibiao-public-funddb-history,funddb-native-unverified,separate-candidate-do-not-merge-with-official-weighted-history
2018-11-09,csi_dividend,中证红利,000922,dyr,4.11,guzhibiao-public-funddb-history,funddb-native-unverified,separate-candidate-do-not-merge-with-official-weighted-history
2018-11-16,csi_dividend,中证红利,000922,dyr,4.1,guzhibiao-public-funddb-history,funddb-native-unverified,separate-candidate-do-not-merge-with-official-weighted-history
2018-11-23,csi_dividend,中证红利,000922,dyr,4.18,guzhibiao-public-funddb-history,funddb-native-unverified,separate-candidate-do-not-merge-with-official-weighted-history
2018-11-30,csi_dividend,中证红利,000922,dyr,4.16,guzhibiao-public-funddb-history,funddb-native-unverified,separate-candidate-do-not-merge-with-official-weighted-history
2018-12-07,csi_dividend,中证红利,000922,dyr,4.14,guzhibiao-public-funddb-history,funddb-native-unverified,separate-candidate-do-not-merge-with-official-weighted-history
2018-12-14,csi_dividend,中证红利,000922,dyr,4.16,guzhibiao-public-funddb-history,funddb-native-unverified,separate-candidate-do-not-merge-with-official-weighted-history
2018-12-21,csi_dividend,中证红利,000922,dyr,4.74,guzhibiao-public-funddb-history,funddb-native-unverified,separate-candidate-do-not-merge-with-official-weighted-history
2018-12-28,csi_dividend,中证红利,000922,dyr,4.72,guzhibiao-public-funddb-history,funddb-native-unverified,separate-candidate-do-not-merge-with-official-weighted-history
2019-01-04,csi_dividend,中证红利,000922,dyr,4.73,guzhibiao-public-funddb-history,funddb-native-unverified,separate-candidate-do-not-merge-with-official-weighted-history
2019-01-11,csi_dividend,中证红利,000922,dyr,4.69,guzhibiao-public-funddb-history,funddb-native-unverified,separate-candidate-do-not-merge-with-official-weighted-history
2019-01-18,csi_dividend,中证红利,000922,dyr,4.58,guzhibiao-public-funddb-history,funddb-native-unverified,separate-candidate-do-not-merge-with-official-weighted-history
2019-01-25,csi_dividend,中证红利,000922,dyr,4.51,guzhibiao-public-funddb-history,funddb-native-unverified,separate-candidate-do-not-merge-with-official-weighted-history
2019-02-01,csi_dividend,中证红利,000922,dyr,4.42,guzhibiao-public-funddb-history,funddb-native-unverified,separate-candidate-do-not-merge-with-official-weighted-history
2019-02-15,csi_dividend,中证红利,000922,dyr,4.43,guzhibiao-public-funddb-history,funddb-native-unverified,separate-candidate-do-not-merge-with-official-weighted-history
2019-02-22,csi_dividend,中证红利,000922,dyr,4.34,guzhibiao-public-funddb-history,funddb-native-unverified,separate-candidate-do-not-merge-with-official-weighted-history
2019-03-01,csi_dividend,中证红利,000922,dyr,4.11,guzhibiao-public-funddb-history,funddb-native-unverified,separate-candidate-do-not-merge-with-official-weighted-history
2019-03-08,csi_dividend,中证红利,000922,dyr,4.27,guzhibiao-public-funddb-history,funddb-native-unverified,separate-candidate-do-not-merge-with-official-weighted-history
2019-03-15,csi_dividend,中证红利,000922,dyr,4.21,guzhibiao-public-funddb-history,funddb-native-unverified,separate-candidate-do-not-merge-with-official-weighted-history
2019-03-22,csi_dividend,中证红利,000922,dyr,4.15,guzhibiao-public-funddb-history,funddb-native-unverified,separate-candidate-do-not-merge-with-official-weighted-history
2019-03-29,csi_dividend,中证红利,000922,dyr,4.12,guzhibiao-public-funddb-history,funddb-native-unverified,separate-candidate-do-not-merge-with-official-weighted-history
2019-04-04,csi_dividend,中证红利,000922,dyr,3.95,guzhibiao-public-funddb-history,funddb-native-unverified,separate-candidate-do-not-merge-with-official-weighted-history
2019-04-12,csi_dividend,中证红利,000922,dyr,4.02,guzhibiao-public-funddb-history,funddb-native-unverified,separate-candidate-do-not-merge-with-official-weighted-history
2019-04-19,csi_dividend,中证红利,000922,dyr,3.91,guzhibiao-public-funddb-history,funddb-native-unverified,separate-candidate-do-not-merge-with-official-weighted-history
2019-04-26,csi_dividend,中证红利,000922,dyr,4.15,guzhibiao-public-funddb-history,funddb-native-unverified,separate-candidate-do-not-merge-with-official-weighted-history
2019-04-30,csi_dividend,中证红利,000922,dyr,4.05,guzhibiao-public-funddb-history,funddb-native-unverified,separate-candidate-do-not-merge-with-official-weighted-history
2019-05-10,csi_dividend,中证红利,000922,dyr,4.14,guzhibiao-public-funddb-history,funddb-native-unverified,separate-candidate-do-not-merge-with-official-weighted-history
2019-05-17,csi_dividend,中证红利,000922,dyr,4.21,guzhibiao-public-funddb-history,funddb-native-unverified,separate-candidate-do-not-merge-with-official-weighted-history
2019-05-24,csi_dividend,中证红利,000922,dyr,4.19,guzhibiao-public-funddb-history,funddb-native-unverified,separate-candidate-do-not-merge-with-official-weighted-history
2019-05-31,csi_dividend,中证红利,000922,dyr,3.83,guzhibiao-public-funddb-history,funddb-native-unverified,separate-candidate-do-not-merge-with-official-weighted-history
2019-06-06,csi_dividend,中证红利,000922,dyr,3.97,guzhibiao-public-funddb-history,funddb-native-unverified,separate-candidate-do-not-merge-with-official-weighted-history
2019-06-14,csi_dividend,中证红利,000922,dyr,3.96,guzhibiao-public-funddb-history,funddb-native-unverified,separate-candidate-do-not-merge-with-official-weighted-history
2019-06-21,csi_dividend,中证红利,000922,dyr,4.42,guzhibiao-public-funddb-history,funddb-native-unverified,separate-candidate-do-not-merge-with-official-weighted-history
2019-06-28,csi_dividend,中证红利,000922,dyr,4.45,guzhibiao-public-funddb-history,funddb-native-unverified,separate-candidate-do-not-merge-with-official-weighted-history
2019-07-05,csi_dividend,中证红利,000922,dyr,4.81,guzhibiao-public-funddb-history,funddb-native-unverified,separate-candidate-do-not-merge-with-official-weighted-history
2019-07-12,csi_dividend,中证红利,000922,dyr,5.11,guzhibiao-public-funddb-history,funddb-native-unverified,separate-candidate-do-not-merge-with-official-weighted-history
2019-07-19,csi_dividend,中证红利,000922,dyr,4.13,guzhibiao-public-funddb-history,funddb-native-unverified,separate-candidate-do-not-merge-with-official-weighted-history
2019-07-26,csi_dividend,中证红利,000922,dyr,4.25,guzhibiao-public-funddb-history,funddb-native-unverified,separate-candidate-do-not-merge-with-official-weighted-history
2019-08-02,csi_dividend,中证红利,000922,dyr,4.32,guzhibiao-public-funddb-history,funddb-native-unverified,separate-candidate-do-not-merge-with-official-weighted-history
2019-08-09,csi_dividend,中证红利,000922,dyr,4.37,guzhibiao-public-funddb-history,funddb-native-unverified,separate-candidate-do-not-merge-with-official-weighted-history
2019-08-16,csi_dividend,中证红利,000922,dyr,4.44,guzhibiao-public-funddb-history,funddb-native-unverified,separate-candidate-do-not-merge-with-official-weighted-history
2019-08-23,csi_dividend,中证红利,000922,dyr,4.41,guzhibiao-public-funddb-history,funddb-native-unverified,separate-candidate-do-not-merge-with-official-weighted-history
2019-08-30,csi_dividend,中证红利,000922,dyr,4.36,guzhibiao-public-funddb-history,funddb-native-unverified,separate-candidate-do-not-merge-with-official-weighted-history
2019-09-06,csi_dividend,中证红利,000922,dyr,4.23,guzhibiao-public-funddb-history,funddb-native-unverified,separate-candidate-do-not-merge-with-official-weighted-history
2019-09-12,csi_dividend,中证红利,000922,dyr,4.21,guzhibiao-public-funddb-history,funddb-native-unverified,separate-candidate-do-not-merge-with-official-weighted-history
2019-09-20,csi_dividend,中证红利,000922,dyr,4.23,guzhibiao-public-funddb-history,funddb-native-unverified,separate-candidate-do-not-merge-with-official-weighted-history
2019-09-27,csi_dividend,中证红利,000922,dyr,4.29,guzhibiao-public-funddb-history,funddb-native-unverified,separate-candidate-do-not-merge-with-official-weighted-history
2019-09-30,csi_dividend,中证红利,000922,dyr,4.3,guzhibiao-public-funddb-history,funddb-native-unverified,separate-candidate-do-not-merge-with-official-weighted-history
2019-10-11,csi_dividend,中证红利,000922,dyr,4.18,guzhibiao-public-funddb-history,funddb-native-unverified,separate-candidate-do-not-merge-with-official-weighted-history
2019-10-18,csi_dividend,中证红利,000922,dyr,4.21,guzhibiao-public-funddb-history,funddb-native-unverified,separate-candidate-do-not-merge-with-official-weighted-history
2019-10-25,csi_dividend,中证红利,000922,dyr,4.13,guzhibiao-public-funddb-history,funddb-native-unverified,separate-candidate-do-not-merge-with-official-weighted-history
2019-11-01,csi_dividend,中证红利,000922,dyr,4.11,guzhibiao-public-funddb-history,funddb-native-unverified,separate-candidate-do-not-merge-with-official-weighted-history
2019-11-08,csi_dividend,中证红利,000922,dyr,4.11,guzhibiao-public-funddb-history,funddb-native-unverified,separate-candidate-do-not-merge-with-official-weighted-history
2019-11-15,csi_dividend,中证红利,000922,dyr,4.21,guzhibiao-public-funddb-history,funddb-native-unverified,separate-candidate-do-not-merge-with-official-weighted-history
2019-11-22,csi_dividend,中证红利,000922,dyr,4.2,guzhibiao-public-funddb-history,funddb-native-unverified,separate-candidate-do-not-merge-with-official-weighted-history
2019-11-29,csi_dividend,中证红利,000922,dyr,4.19,guzhibiao-public-funddb-history,funddb-native-unverified,separate-candidate-do-not-merge-with-official-weighted-history
2019-12-06,csi_dividend,中证红利,000922,dyr,4.18,guzhibiao-public-funddb-history,funddb-native-unverified,separate-candidate-do-not-merge-with-official-weighted-history
2019-12-13,csi_dividend,中证红利,000922,dyr,4.06,guzhibiao-public-funddb-history,funddb-native-unverified,separate-candidate-do-not-merge-with-official-weighted-history
2019-12-20,csi_dividend,中证红利,000922,dyr,4.27,guzhibiao-public-funddb-history,funddb-native-unverified,separate-candidate-do-not-merge-with-official-weighted-history
2019-12-27,csi_dividend,中证红利,000922,dyr,4.27,guzhibiao-public-funddb-history,funddb-native-unverified,separate-candidate-do-not-merge-with-official-weighted-history
2020-01-03,csi_dividend,中证红利,000922,dyr,4.17,guzhibiao-public-funddb-history,funddb-native-unverified,separate-candidate-do-not-merge-with-official-weighted-history
2020-01-10,csi_dividend,中证红利,000922,dyr,4.2,guzhibiao-public-funddb-history,funddb-native-unverified,separate-candidate-do-not-merge-with-official-weighted-history
2020-01-17,csi_dividend,中证红利,000922,dyr,4.26,guzhibiao-public-funddb-history,funddb-native-unverified,separate-candidate-do-not-merge-with-official-weighted-history
2020-01-23,csi_dividend,中证红利,000922,dyr,4.42,guzhibiao-public-funddb-history,funddb-native-unverified,separate-candidate-do-not-merge-with-official-weighted-history
2020-02-07,csi_dividend,中证红利,000922,dyr,4.6,guzhibiao-public-funddb-history,funddb-native-unverified,separate-candidate-do-not-merge-with-official-weighted-history
2020-02-14,csi_dividend,中证红利,000922,dyr,4.52,guzhibiao-public-funddb-history,funddb-native-unverified,separate-candidate-do-not-merge-with-official-weighted-history
2020-02-21,csi_dividend,中证红利,000922,dyr,4.46,guzhibiao-public-funddb-history,funddb-native-unverified,separate-candidate-do-not-merge-with-official-weighted-history
2020-02-28,csi_dividend,中证红利,000922,dyr,4.6,guzhibiao-public-funddb-history,funddb-native-unverified,separate-candidate-do-not-merge-with-official-weighted-history
2020-03-06,csi_dividend,中证红利,000922,dyr,4.45,guzhibiao-public-funddb-history,funddb-native-unverified,separate-candidate-do-not-merge-with-official-weighted-history
2020-03-13,csi_dividend,中证红利,000922,dyr,4.65,guzhibiao-public-funddb-history,funddb-native-unverified,separate-candidate-do-not-merge-with-official-weighted-history
2020-03-20,csi_dividend,中证红利,000922,dyr,4.87,guzhibiao-public-funddb-history,funddb-native-unverified,separate-candidate-do-not-merge-with-official-weighted-history
2020-03-27,csi_dividend,中证红利,000922,dyr,4.75,guzhibiao-public-funddb-history,funddb-native-unverified,separate-candidate-do-not-merge-with-official-weighted-history
2020-04-03,csi_dividend,中证红利,000922,dyr,4.79,guzhibiao-public-funddb-history,funddb-native-unverified,separate-candidate-do-not-merge-with-official-weighted-history
2020-04-10,csi_dividend,中证红利,000922,dyr,4.77,guzhibiao-public-funddb-history,funddb-native-unverified,separate-candidate-do-not-merge-with-official-weighted-history
2020-04-17,csi_dividend,中证红利,000922,dyr,4.72,guzhibiao-public-funddb-history,funddb-native-unverified,separate-candidate-do-not-merge-with-official-weighted-history
2020-04-24,csi_dividend,中证红利,000922,dyr,4.77,guzhibiao-public-funddb-history,funddb-native-unverified,separate-candidate-do-not-merge-with-official-weighted-history
2020-04-30,csi_dividend,中证红利,000922,dyr,4.61,guzhibiao-public-funddb-history,funddb-native-unverified,separate-candidate-do-not-merge-with-official-weighted-history
2020-05-08,csi_dividend,中证红利,000922,dyr,4.62,guzhibiao-public-funddb-history,funddb-native-unverified,separate-candidate-do-not-merge-with-official-weighted-history
2020-05-15,csi_dividend,中证红利,000922,dyr,4.65,guzhibiao-public-funddb-history,funddb-native-unverified,separate-candidate-do-not-merge-with-official-weighted-history
2020-05-22,csi_dividend,中证红利,000922,dyr,4.72,guzhibiao-public-funddb-history,funddb-native-unverified,separate-candidate-do-not-merge-with-official-weighted-history
2020-05-29,csi_dividend,中证红利,000922,dyr,4.6,guzhibiao-public-funddb-history,funddb-native-unverified,separate-candidate-do-not-merge-with-official-weighted-history
2020-06-05,csi_dividend,中证红利,000922,dyr,4.18,guzhibiao-public-funddb-history,funddb-native-unverified,separate-candidate-do-not-merge-with-official-weighted-history
2020-06-12,csi_dividend,中证红利,000922,dyr,4.26,guzhibiao-public-funddb-history,funddb-native-unverified,separate-candidate-do-not-merge-with-official-weighted-history
2020-06-19,csi_dividend,中证红利,000922,dyr,4.46,guzhibiao-public-funddb-history,funddb-native-unverified,separate-candidate-do-not-merge-with-official-weighted-history
2020-06-24,csi_dividend,中证红利,000922,dyr,3.92,guzhibiao-public-funddb-history,funddb-native-unverified,separate-candidate-do-not-merge-with-official-weighted-history
2020-07-03,csi_dividend,中证红利,000922,dyr,4.37,guzhibiao-public-funddb-history,funddb-native-unverified,separate-candidate-do-not-merge-with-official-weighted-history
2020-07-10,csi_dividend,中证红利,000922,dyr,4.23,guzhibiao-public-funddb-history,funddb-native-unverified,separate-candidate-do-not-merge-with-official-weighted-history
2020-07-17,csi_dividend,中证红利,000922,dyr,5.02,guzhibiao-public-funddb-history,funddb-native-unverified,separate-candidate-do-not-merge-with-official-weighted-history
2020-07-24,csi_dividend,中证红利,000922,dyr,4.74,guzhibiao-public-funddb-history,funddb-native-unverified,separate-candidate-do-not-merge-with-official-weighted-history
2020-07-31,csi_dividend,中证红利,000922,dyr,4.71,guzhibiao-public-funddb-history,funddb-native-unverified,separate-candidate-do-not-merge-with-official-weighted-history
2020-08-07,csi_dividend,中证红利,000922,dyr,4.62,guzhibiao-public-funddb-history,funddb-native-unverified,separate-candidate-do-not-merge-with-official-weighted-history
2020-08-14,csi_dividend,中证红利,000922,dyr,4.65,guzhibiao-public-funddb-history,funddb-native-unverified,separate-candidate-do-not-merge-with-official-weighted-history
2020-08-21,csi_dividend,中证红利,000922,dyr,4.58,guzhibiao-public-funddb-history,funddb-native-unverified,separate-candidate-do-not-merge-with-official-weighted-history
2020-08-28,csi_dividend,中证红利,000922,dyr,4.54,guzhibiao-public-funddb-history,funddb-native-unverified,separate-candidate-do-not-merge-with-official-weighted-history
2020-09-04,csi_dividend,中证红利,000922,dyr,4.61,guzhibiao-public-funddb-history,funddb-native-unverified,separate-candidate-do-not-merge-with-official-weighted-history
2020-09-11,csi_dividend,中证红利,000922,dyr,4.65,guzhibiao-public-funddb-history,funddb-native-unverified,separate-candidate-do-not-merge-with-official-weighted-history
2020-09-18,csi_dividend,中证红利,000922,dyr,4.42,guzhibiao-public-funddb-history,funddb-native-unverified,separate-candidate-do-not-merge-with-official-weighted-history
2020-09-25,csi_dividend,中证红利,000922,dyr,4.58,guzhibiao-public-funddb-history,funddb-native-unverified,separate-candidate-do-not-merge-with-official-weighted-history
2020-09-30,csi_dividend,中证红利,000922,dyr,4.56,guzhibiao-public-funddb-history,funddb-native-unverified,separate-candidate-do-not-merge-with-official-weighted-history
2020-10-09,csi_dividend,中证红利,000922,dyr,4.52,guzhibiao-public-funddb-history,funddb-native-unverified,separate-candidate-do-not-merge-with-official-weighted-history
2020-10-16,csi_dividend,中证红利,000922,dyr,4.41,guzhibiao-public-funddb-history,funddb-native-unverified,separate-candidate-do-not-merge-with-official-weighted-history
2020-10-23,csi_dividend,中证红利,000922,dyr,4.46,guzhibiao-public-funddb-history,funddb-native-unverified,separate-candidate-do-not-merge-with-official-weighted-history
2020-10-30,csi_dividend,中证红利,000922,dyr,4.52,guzhibiao-public-funddb-history,funddb-native-unverified,separate-candidate-do-not-merge-with-official-weighted-history
2020-11-06,csi_dividend,中证红利,000922,dyr,4.32,guzhibiao-public-funddb-history,funddb-native-unverified,separate-candidate-do-not-merge-with-official-weighted-history
2020-11-13,csi_dividend,中证红利,000922,dyr,4.33,guzhibiao-public-funddb-history,funddb-native-unverified,separate-candidate-do-not-merge-with-official-weighted-history
2020-11-20,csi_dividend,中证红利,000922,dyr,4.23,guzhibiao-public-funddb-history,funddb-native-unverified,separate-candidate-do-not-merge-with-official-weighted-history
2020-11-27,csi_dividend,中证红利,000922,dyr,4.13,guzhibiao-public-funddb-history,funddb-native-unverified,separate-candidate-do-not-merge-with-official-weighted-history
2020-12-04,csi_dividend,中证红利,000922,dyr,4.17,guzhibiao-public-funddb-history,funddb-native-unverified,separate-candidate-do-not-merge-with-official-weighted-history
2020-12-11,csi_dividend,中证红利,000922,dyr,4.32,guzhibiao-public-funddb-history,funddb-native-unverified,separate-candidate-do-not-merge-with-official-weighted-history
2020-12-18,csi_dividend,中证红利,000922,dyr,4.71,guzhibiao-public-funddb-history,funddb-native-unverified,separate-candidate-do-not-merge-with-official-weighted-history
2020-12-25,csi_dividend,中证红利,000922,dyr,4.78,guzhibiao-public-funddb-history,funddb-native-unverified,separate-candidate-do-not-merge-with-official-weighted-history
2020-12-31,csi_dividend,中证红利,000922,dyr,4.74,guzhibiao-public-funddb-history,funddb-native-unverified,separate-candidate-do-not-merge-with-official-weighted-history
2021-01-08,csi_dividend,中证红利,000922,dyr,4.65,guzhibiao-public-funddb-history,funddb-native-unverified,separate-candidate-do-not-merge-with-official-weighted-history
2021-01-15,csi_dividend,中证红利,000922,dyr,4.54,guzhibiao-public-funddb-history,funddb-native-unverified,separate-candidate-do-not-merge-with-official-weighted-history
2021-01-22,csi_dividend,中证红利,000922,dyr,4.6,guzhibiao-public-funddb-history,funddb-native-unverified,separate-candidate-do-not-merge-with-official-weighted-history
2021-01-29,csi_dividend,中证红利,000922,dyr,4.66,guzhibiao-public-funddb-history,funddb-native-unverified,separate-candidate-do-not-merge-with-official-weighted-history
2021-02-05,csi_dividend,中证红利,000922,dyr,4.56,guzhibiao-public-funddb-history,funddb-native-unverified,separate-candidate-do-not-merge-with-official-weighted-history
2021-02-10,csi_dividend,中证红利,000922,dyr,4.48,guzhibiao-public-funddb-history,funddb-native-unverified,separate-candidate-do-not-merge-with-official-weighted-history
2021-02-19,csi_dividend,中证红利,000922,dyr,4.4,guzhibiao-public-funddb-history,funddb-native-unverified,separate-candidate-do-not-merge-with-official-weighted-history
2021-02-26,csi_dividend,中证红利,000922,dyr,4.45,guzhibiao-public-funddb-history,funddb-native-unverified,separate-candidate-do-not-merge-with-official-weighted-history
2021-03-05,csi_dividend,中证红利,000922,dyr,4.4,guzhibiao-public-funddb-history,funddb-native-unverified,separate-candidate-do-not-merge-with-official-weighted-history
2021-03-12,csi_dividend,中证红利,000922,dyr,4.37,guzhibiao-public-funddb-history,funddb-native-unverified,separate-candidate-do-not-merge-with-official-weighted-history
2021-03-19,csi_dividend,中证红利,000922,dyr,4.47,guzhibiao-public-funddb-history,funddb-native-unverified,separate-candidate-do-not-merge-with-official-weighted-history
2021-03-26,csi_dividend,中证红利,000922,dyr,4.48,guzhibiao-public-funddb-history,funddb-native-unverified,separate-candidate-do-not-merge-with-official-weighted-history
2021-04-02,csi_dividend,中证红利,000922,dyr,4.45,guzhibiao-public-funddb-history,funddb-native-unverified,separate-candidate-do-not-merge-with-official-weighted-history
2021-04-09,csi_dividend,中证红利,000922,dyr,4.47,guzhibiao-public-funddb-history,funddb-native-unverified,separate-candidate-do-not-merge-with-official-weighted-history
2021-04-16,csi_dividend,中证红利,000922,dyr,4.49,guzhibiao-public-funddb-history,funddb-native-unverified,separate-candidate-do-not-merge-with-official-weighted-history
2021-04-23,csi_dividend,中证红利,000922,dyr,4.49,guzhibiao-public-funddb-history,funddb-native-unverified,separate-candidate-do-not-merge-with-official-weighted-history
2021-04-30,csi_dividend,中证红利,000922,dyr,4.56,guzhibiao-public-funddb-history,funddb-native-unverified,separate-candidate-do-not-merge-with-official-weighted-history
2021-05-07,csi_dividend,中证红利,000922,dyr,4.49,guzhibiao-public-funddb-history,funddb-native-unverified,separate-candidate-do-not-merge-with-official-weighted-history
2021-05-14,csi_dividend,中证红利,000922,dyr,4.47,guzhibiao-public-funddb-history,funddb-native-unverified,separate-candidate-do-not-merge-with-official-weighted-history
2021-05-21,csi_dividend,中证红利,000922,dyr,4.61,guzhibiao-public-funddb-history,funddb-native-unverified,separate-candidate-do-not-merge-with-official-weighted-history
2021-05-28,csi_dividend,中证红利,000922,dyr,4.48,guzhibiao-public-funddb-history,funddb-native-unverified,separate-candidate-do-not-merge-with-official-weighted-history
2021-06-04,csi_dividend,中证红利,000922,dyr,4.81,guzhibiao-public-funddb-history,funddb-native-unverified,separate-candidate-do-not-merge-with-official-weighted-history
2021-06-11,csi_dividend,中证红利,000922,dyr,4.6,guzhibiao-public-funddb-history,funddb-native-unverified,separate-candidate-do-not-merge-with-official-weighted-history
2021-06-18,csi_dividend,中证红利,000922,dyr,5.35,guzhibiao-public-funddb-history,funddb-native-unverified,separate-candidate-do-not-merge-with-official-weighted-history
2021-06-25,csi_dividend,中证红利,000922,dyr,5.03,guzhibiao-public-funddb-history,funddb-native-unverified,separate-candidate-do-not-merge-with-official-weighted-history
2021-07-02,csi_dividend,中证红利,000922,dyr,4.68,guzhibiao-public-funddb-history,funddb-native-unverified,separate-candidate-do-not-merge-with-official-weighted-history
2021-07-09,csi_dividend,中证红利,000922,dyr,5.59,guzhibiao-public-funddb-history,funddb-native-unverified,separate-candidate-do-not-merge-with-official-weighted-history
2021-07-16,csi_dividend,中证红利,000922,dyr,4.69,guzhibiao-public-funddb-history,funddb-native-unverified,separate-candidate-do-not-merge-with-official-weighted-history
2021-07-23,csi_dividend,中证红利,000922,dyr,4.67,guzhibiao-public-funddb-history,funddb-native-unverified,separate-candidate-do-not-merge-with-official-weighted-history
2021-07-30,csi_dividend,中证红利,000922,dyr,5.09,guzhibiao-public-funddb-history,funddb-native-unverified,separate-candidate-do-not-merge-with-official-weighted-history
2021-08-06,csi_dividend,中证红利,000922,dyr,5.04,guzhibiao-public-funddb-history,funddb-native-unverified,separate-candidate-do-not-merge-with-official-weighted-history
2021-08-13,csi_dividend,中证红利,000922,dyr,4.9,guzhibiao-public-funddb-history,funddb-native-unverified,separate-candidate-do-not-merge-with-official-weighted-history
2021-08-20,csi_dividend,中证红利,000922,dyr,4.89,guzhibiao-public-funddb-history,funddb-native-unverified,separate-candidate-do-not-merge-with-official-weighted-history
2021-08-27,csi_dividend,中证红利,000922,dyr,5,guzhibiao-public-funddb-history,funddb-native-unverified,separate-candidate-do-not-merge-with-official-weighted-history
2021-09-03,csi_dividend,中证红利,000922,dyr,4.82,guzhibiao-public-funddb-history,funddb-native-unverified,separate-candidate-do-not-merge-with-official-weighted-history
2021-09-10,csi_dividend,中证红利,000922,dyr,4.67,guzhibiao-public-funddb-history,funddb-native-unverified,separate-candidate-do-not-merge-with-official-weighted-history
2021-09-17,csi_dividend,中证红利,000922,dyr,4.98,guzhibiao-public-funddb-history,funddb-native-unverified,separate-candidate-do-not-merge-with-official-weighted-history
2021-09-24,csi_dividend,中证红利,000922,dyr,5.03,guzhibiao-public-funddb-history,funddb-native-unverified,separate-candidate-do-not-merge-with-official-weighted-history
2021-09-30,csi_dividend,中证红利,000922,dyr,5.02,guzhibiao-public-funddb-history,funddb-native-unverified,separate-candidate-do-not-merge-with-official-weighted-history
2021-10-08,csi_dividend,中证红利,000922,dyr,4.99,guzhibiao-public-funddb-history,funddb-native-unverified,separate-candidate-do-not-merge-with-official-weighted-history
2021-10-15,csi_dividend,中证红利,000922,dyr,5.08,guzhibiao-public-funddb-history,funddb-native-unverified,separate-candidate-do-not-merge-with-official-weighted-history
2021-10-22,csi_dividend,中证红利,000922,dyr,5.05,guzhibiao-public-funddb-history,funddb-native-unverified,separate-candidate-do-not-merge-with-official-weighted-history
2021-10-29,csi_dividend,中证红利,000922,dyr,5.11,guzhibiao-public-funddb-history,funddb-native-unverified,separate-candidate-do-not-merge-with-official-weighted-history
2021-11-05,csi_dividend,中证红利,000922,dyr,5.18,guzhibiao-public-funddb-history,funddb-native-unverified,separate-candidate-do-not-merge-with-official-weighted-history
2021-11-12,csi_dividend,中证红利,000922,dyr,5.14,guzhibiao-public-funddb-history,funddb-native-unverified,separate-candidate-do-not-merge-with-official-weighted-history
2021-11-19,csi_dividend,中证红利,000922,dyr,5.13,guzhibiao-public-funddb-history,funddb-native-unverified,separate-candidate-do-not-merge-with-official-weighted-history
2021-11-26,csi_dividend,中证红利,000922,dyr,5.18,guzhibiao-public-funddb-history,funddb-native-unverified,separate-candidate-do-not-merge-with-official-weighted-history
2021-12-03,csi_dividend,中证红利,000922,dyr,5.09,guzhibiao-public-funddb-history,funddb-native-unverified,separate-candidate-do-not-merge-with-official-weighted-history
2021-12-10,csi_dividend,中证红利,000922,dyr,5.02,guzhibiao-public-funddb-history,funddb-native-unverified,separate-candidate-do-not-merge-with-official-weighted-history
2021-12-17,csi_dividend,中证红利,000922,dyr,5.57,guzhibiao-public-funddb-history,funddb-native-unverified,separate-candidate-do-not-merge-with-official-weighted-history
2021-12-24,csi_dividend,中证红利,000922,dyr,5.53,guzhibiao-public-funddb-history,funddb-native-unverified,separate-candidate-do-not-merge-with-official-weighted-history
2021-12-31,csi_dividend,中证红利,000922,dyr,5.53,guzhibiao-public-funddb-history,funddb-native-unverified,separate-candidate-do-not-merge-with-official-weighted-history
2022-01-07,csi_dividend,中证红利,000922,dyr,5.41,guzhibiao-public-funddb-history,funddb-native-unverified,separate-candidate-do-not-merge-with-official-weighted-history
2022-01-14,csi_dividend,中证红利,000922,dyr,5.5,guzhibiao-public-funddb-history,funddb-native-unverified,separate-candidate-do-not-merge-with-official-weighted-history
2022-01-21,csi_dividend,中证红利,000922,dyr,5.38,guzhibiao-public-funddb-history,funddb-native-unverified,separate-candidate-do-not-merge-with-official-weighted-history
2022-01-28,csi_dividend,中证红利,000922,dyr,5.57,guzhibiao-public-funddb-history,funddb-native-unverified,separate-candidate-do-not-merge-with-official-weighted-history
2022-02-11,csi_dividend,中证红利,000922,dyr,5.23,guzhibiao-public-funddb-history,funddb-native-unverified,separate-candidate-do-not-merge-with-official-weighted-history
2022-02-18,csi_dividend,中证红利,000922,dyr,5.28,guzhibiao-public-funddb-history,funddb-native-unverified,separate-candidate-do-not-merge-with-official-weighted-history
2022-02-25,csi_dividend,中证红利,000922,dyr,5.45,guzhibiao-public-funddb-history,funddb-native-unverified,separate-candidate-do-not-merge-with-official-weighted-history
2022-03-04,csi_dividend,中证红利,000922,dyr,5.33,guzhibiao-public-funddb-history,funddb-native-unverified,separate-candidate-do-not-merge-with-official-weighted-history
2022-03-11,csi_dividend,中证红利,000922,dyr,5.53,guzhibiao-public-funddb-history,funddb-native-unverified,separate-candidate-do-not-merge-with-official-weighted-history
2022-03-18,csi_dividend,中证红利,000922,dyr,5.62,guzhibiao-public-funddb-history,funddb-native-unverified,separate-candidate-do-not-merge-with-official-weighted-history
2022-03-25,csi_dividend,中证红利,000922,dyr,5.56,guzhibiao-public-funddb-history,funddb-native-unverified,separate-candidate-do-not-merge-with-official-weighted-history
2022-04-01,csi_dividend,中证红利,000922,dyr,5.29,guzhibiao-public-funddb-history,funddb-native-unverified,separate-candidate-do-not-merge-with-official-weighted-history
2022-04-08,csi_dividend,中证红利,000922,dyr,5.22,guzhibiao-public-funddb-history,funddb-native-unverified,separate-candidate-do-not-merge-with-official-weighted-history
2022-04-15,csi_dividend,中证红利,000922,dyr,5.23,guzhibiao-public-funddb-history,funddb-native-unverified,separate-candidate-do-not-merge-with-official-weighted-history
2022-04-22,csi_dividend,中证红利,000922,dyr,5.32,guzhibiao-public-funddb-history,funddb-native-unverified,separate-candidate-do-not-merge-with-official-weighted-history
2022-04-29,csi_dividend,中证红利,000922,dyr,5.44,guzhibiao-public-funddb-history,funddb-native-unverified,separate-candidate-do-not-merge-with-official-weighted-history
2022-05-06,csi_dividend,中证红利,000922,dyr,5.54,guzhibiao-public-funddb-history,funddb-native-unverified,separate-candidate-do-not-merge-with-official-weighted-history
2022-05-13,csi_dividend,中证红利,000922,dyr,5.54,guzhibiao-public-funddb-history,funddb-native-unverified,separate-candidate-do-not-merge-with-official-weighted-history
2022-05-20,csi_dividend,中证红利,000922,dyr,5.54,guzhibiao-public-funddb-history,funddb-native-unverified,separate-candidate-do-not-merge-with-official-weighted-history
2022-05-27,csi_dividend,中证红利,000922,dyr,5.44,guzhibiao-public-funddb-history,funddb-native-unverified,separate-candidate-do-not-merge-with-official-weighted-history
2022-06-02,csi_dividend,中证红利,000922,dyr,5.49,guzhibiao-public-funddb-history,funddb-native-unverified,separate-candidate-do-not-merge-with-official-weighted-history
2022-06-10,csi_dividend,中证红利,000922,dyr,5.27,guzhibiao-public-funddb-history,funddb-native-unverified,separate-candidate-do-not-merge-with-official-weighted-history
2022-06-17,csi_dividend,中证红利,000922,dyr,5.6,guzhibiao-public-funddb-history,funddb-native-unverified,separate-candidate-do-not-merge-with-official-weighted-history
2022-06-24,csi_dividend,中证红利,000922,dyr,4.79,guzhibiao-public-funddb-history,funddb-native-unverified,separate-candidate-do-not-merge-with-official-weighted-history
2022-07-01,csi_dividend,中证红利,000922,dyr,4.56,guzhibiao-public-funddb-history,funddb-native-unverified,separate-candidate-do-not-merge-with-official-weighted-history
2022-07-08,csi_dividend,中证红利,000922,dyr,4.12,guzhibiao-public-funddb-history,funddb-native-unverified,separate-candidate-do-not-merge-with-official-weighted-history
2022-07-15,csi_dividend,中证红利,000922,dyr,6.99,guzhibiao-public-funddb-history,funddb-native-unverified,separate-candidate-do-not-merge-with-official-weighted-history
2022-07-22,csi_dividend,中证红利,000922,dyr,6.68,guzhibiao-public-funddb-history,funddb-native-unverified,separate-candidate-do-not-merge-with-official-weighted-history
2022-07-29,csi_dividend,中证红利,000922,dyr,6.77,guzhibiao-public-funddb-history,funddb-native-unverified,separate-candidate-do-not-merge-with-official-weighted-history
2022-08-05,csi_dividend,中证红利,000922,dyr,6.65,guzhibiao-public-funddb-history,funddb-native-unverified,separate-candidate-do-not-merge-with-official-weighted-history
2022-08-12,csi_dividend,中证红利,000922,dyr,6.53,guzhibiao-public-funddb-history,funddb-native-unverified,separate-candidate-do-not-merge-with-official-weighted-history
2022-08-19,csi_dividend,中证红利,000922,dyr,6.38,guzhibiao-public-funddb-history,funddb-native-unverified,separate-candidate-do-not-merge-with-official-weighted-history
2022-08-26,csi_dividend,中证红利,000922,dyr,6.3,guzhibiao-public-funddb-history,funddb-native-unverified,separate-candidate-do-not-merge-with-official-weighted-history
2022-09-02,csi_dividend,中证红利,000922,dyr,6.31,guzhibiao-public-funddb-history,funddb-native-unverified,separate-candidate-do-not-merge-with-official-weighted-history
2022-09-09,csi_dividend,中证红利,000922,dyr,6.14,guzhibiao-public-funddb-history,funddb-native-unverified,separate-candidate-do-not-merge-with-official-weighted-history
2022-09-16,csi_dividend,中证红利,000922,dyr,6.32,guzhibiao-public-funddb-history,funddb-native-unverified,separate-candidate-do-not-merge-with-official-weighted-history
2022-09-23,csi_dividend,中证红利,000922,dyr,6.3,guzhibiao-public-funddb-history,funddb-native-unverified,separate-candidate-do-not-merge-with-official-weighted-history
2022-09-30,csi_dividend,中证红利,000922,dyr,6.39,guzhibiao-public-funddb-history,funddb-native-unverified,separate-candidate-do-not-merge-with-official-weighted-history
2022-10-14,csi_dividend,中证红利,000922,dyr,6.42,guzhibiao-public-funddb-history,funddb-native-unverified,separate-candidate-do-not-merge-with-official-weighted-history
2022-10-21,csi_dividend,中证红利,000922,dyr,6.41,guzhibiao-public-funddb-history,funddb-native-unverified,separate-candidate-do-not-merge-with-official-weighted-history
2022-10-28,csi_dividend,中证红利,000922,dyr,6.68,guzhibiao-public-funddb-history,funddb-native-unverified,separate-candidate-do-not-merge-with-official-weighted-history
2022-11-04,csi_dividend,中证红利,000922,dyr,6.69,guzhibiao-public-funddb-history,funddb-native-unverified,separate-candidate-do-not-merge-with-official-weighted-history
2022-11-11,csi_dividend,中证红利,000922,dyr,6.53,guzhibiao-public-funddb-history,funddb-native-unverified,separate-candidate-do-not-merge-with-official-weighted-history
2022-11-18,csi_dividend,中证红利,000922,dyr,6.57,guzhibiao-public-funddb-history,funddb-native-unverified,separate-candidate-do-not-merge-with-official-weighted-history
2022-11-25,csi_dividend,中证红利,000922,dyr,6.3,guzhibiao-public-funddb-history,funddb-native-unverified,separate-candidate-do-not-merge-with-official-weighted-history
2022-12-02,csi_dividend,中证红利,000922,dyr,6.31,guzhibiao-public-funddb-history,funddb-native-unverified,separate-candidate-do-not-merge-with-official-weighted-history
2022-12-09,csi_dividend,中证红利,000922,dyr,6.21,guzhibiao-public-funddb-history,funddb-native-unverified,separate-candidate-do-not-merge-with-official-weighted-history
2022-12-16,csi_dividend,中证红利,000922,dyr,6.42,guzhibiao-public-funddb-history,funddb-native-unverified,separate-candidate-do-not-merge-with-official-weighted-history
2022-12-23,csi_dividend,中证红利,000922,dyr,6.59,guzhibiao-public-funddb-history,funddb-native-unverified,separate-candidate-do-not-merge-with-official-weighted-history
2022-12-30,csi_dividend,中证红利,000922,dyr,6.53,guzhibiao-public-funddb-history,funddb-native-unverified,separate-candidate-do-not-merge-with-official-weighted-history
2023-01-06,csi_dividend,中证红利,000922,dyr,6.45,guzhibiao-public-funddb-history,funddb-native-unverified,separate-candidate-do-not-merge-with-official-weighted-history
2023-01-13,csi_dividend,中证红利,000922,dyr,6.4,guzhibiao-public-funddb-history,funddb-native-unverified,separate-candidate-do-not-merge-with-official-weighted-history
2023-01-20,csi_dividend,中证红利,000922,dyr,6.37,guzhibiao-public-funddb-history,funddb-native-unverified,separate-candidate-do-not-merge-with-official-weighted-history
2023-02-03,csi_dividend,中证红利,000922,dyr,6.45,guzhibiao-public-funddb-history,funddb-native-unverified,separate-candidate-do-not-merge-with-official-weighted-history
2023-02-10,csi_dividend,中证红利,000922,dyr,6.42,guzhibiao-public-funddb-history,funddb-native-unverified,separate-candidate-do-not-merge-with-official-weighted-history
2023-02-17,csi_dividend,中证红利,000922,dyr,6.48,guzhibiao-public-funddb-history,funddb-native-unverified,separate-candidate-do-not-merge-with-official-weighted-history
2023-02-24,csi_dividend,中证红利,000922,dyr,6.36,guzhibiao-public-funddb-history,funddb-native-unverified,separate-candidate-do-not-merge-with-official-weighted-history
2023-03-03,csi_dividend,中证红利,000922,dyr,6.28,guzhibiao-public-funddb-history,funddb-native-unverified,separate-candidate-do-not-merge-with-official-weighted-history
2023-03-10,csi_dividend,中证红利,000922,dyr,6.42,guzhibiao-public-funddb-history,funddb-native-unverified,separate-candidate-do-not-merge-with-official-weighted-history
2023-03-17,csi_dividend,中证红利,000922,dyr,6.25,guzhibiao-public-funddb-history,funddb-native-unverified,separate-candidate-do-not-merge-with-official-weighted-history
2023-03-24,csi_dividend,中证红利,000922,dyr,6.3,guzhibiao-public-funddb-history,funddb-native-unverified,separate-candidate-do-not-merge-with-official-weighted-history
2023-03-31,csi_dividend,中证红利,000922,dyr,6.29,guzhibiao-public-funddb-history,funddb-native-unverified,separate-candidate-do-not-merge-with-official-weighted-history
2023-04-07,csi_dividend,中证红利,000922,dyr,6.23,guzhibiao-public-funddb-history,funddb-native-unverified,separate-candidate-do-not-merge-with-official-weighted-history
2023-04-14,csi_dividend,中证红利,000922,dyr,6.04,guzhibiao-public-funddb-history,funddb-native-unverified,separate-candidate-do-not-merge-with-official-weighted-history
2023-04-21,csi_dividend,中证红利,000922,dyr,5.96,guzhibiao-public-funddb-history,funddb-native-unverified,separate-candidate-do-not-merge-with-official-weighted-history
2023-04-28,csi_dividend,中证红利,000922,dyr,5.89,guzhibiao-public-funddb-history,funddb-native-unverified,separate-candidate-do-not-merge-with-official-weighted-history
2023-05-05,csi_dividend,中证红利,000922,dyr,5.65,guzhibiao-public-funddb-history,funddb-native-unverified,separate-candidate-do-not-merge-with-official-weighted-history
2023-05-12,csi_dividend,中证红利,000922,dyr,5.68,guzhibiao-public-funddb-history,funddb-native-unverified,separate-candidate-do-not-merge-with-official-weighted-history
2023-05-19,csi_dividend,中证红利,000922,dyr,5.68,guzhibiao-public-funddb-history,funddb-native-unverified,separate-candidate-do-not-merge-with-official-weighted-history
2023-05-26,csi_dividend,中证红利,000922,dyr,5.88,guzhibiao-public-funddb-history,funddb-native-unverified,separate-candidate-do-not-merge-with-official-weighted-history
2023-06-02,csi_dividend,中证红利,000922,dyr,5.82,guzhibiao-public-funddb-history,funddb-native-unverified,separate-candidate-do-not-merge-with-official-weighted-history
2023-06-09,csi_dividend,中证红利,000922,dyr,5.63,guzhibiao-public-funddb-history,funddb-native-unverified,separate-candidate-do-not-merge-with-official-weighted-history
2023-06-16,csi_dividend,中证红利,000922,dyr,5.47,guzhibiao-public-funddb-history,funddb-native-unverified,separate-candidate-do-not-merge-with-official-weighted-history
2023-06-21,csi_dividend,中证红利,000922,dyr,5.96,guzhibiao-public-funddb-history,funddb-native-unverified,separate-candidate-do-not-merge-with-official-weighted-history
2023-06-30,csi_dividend,中证红利,000922,dyr,6.01,guzhibiao-public-funddb-history,funddb-native-unverified,separate-candidate-do-not-merge-with-official-weighted-history
2023-07-07,csi_dividend,中证红利,000922,dyr,6.34,guzhibiao-public-funddb-history,funddb-native-unverified,separate-candidate-do-not-merge-with-official-weighted-history
2023-07-14,csi_dividend,中证红利,000922,dyr,4.99,guzhibiao-public-funddb-history,funddb-native-unverified,separate-candidate-do-not-merge-with-official-weighted-history
2023-07-21,csi_dividend,中证红利,000922,dyr,6.55,guzhibiao-public-funddb-history,funddb-native-unverified,separate-candidate-do-not-merge-with-official-weighted-history
2023-07-28,csi_dividend,中证红利,000922,dyr,5.95,guzhibiao-public-funddb-history,funddb-native-unverified,separate-candidate-do-not-merge-with-official-weighted-history
2023-08-04,csi_dividend,中证红利,000922,dyr,5.87,guzhibiao-public-funddb-history,funddb-native-unverified,separate-candidate-do-not-merge-with-official-weighted-history
2023-08-11,csi_dividend,中证红利,000922,dyr,5.96,guzhibiao-public-funddb-history,funddb-native-unverified,separate-candidate-do-not-merge-with-official-weighted-history
2023-08-18,csi_dividend,中证红利,000922,dyr,5.96,guzhibiao-public-funddb-history,funddb-native-unverified,separate-candidate-do-not-merge-with-official-weighted-history
2023-08-25,csi_dividend,中证红利,000922,dyr,6.04,guzhibiao-public-funddb-history,funddb-native-unverified,separate-candidate-do-not-merge-with-official-weighted-history
2023-09-01,csi_dividend,中证红利,000922,dyr,5.94,guzhibiao-public-funddb-history,funddb-native-unverified,separate-candidate-do-not-merge-with-official-weighted-history
2023-09-08,csi_dividend,中证红利,000922,dyr,5.93,guzhibiao-public-funddb-history,funddb-native-unverified,separate-candidate-do-not-merge-with-official-weighted-history
2023-09-15,csi_dividend,中证红利,000922,dyr,6.04,guzhibiao-public-funddb-history,funddb-native-unverified,separate-candidate-do-not-merge-with-official-weighted-history
2023-09-22,csi_dividend,中证红利,000922,dyr,5.78,guzhibiao-public-funddb-history,funddb-native-unverified,separate-candidate-do-not-merge-with-official-weighted-history
2023-09-28,csi_dividend,中证红利,000922,dyr,5.84,guzhibiao-public-funddb-history,funddb-native-unverified,separate-candidate-do-not-merge-with-official-weighted-history
2023-10-13,csi_dividend,中证红利,000922,dyr,5.76,guzhibiao-public-funddb-history,funddb-native-unverified,separate-candidate-do-not-merge-with-official-weighted-history
2023-10-20,csi_dividend,中证红利,000922,dyr,5.89,guzhibiao-public-funddb-history,funddb-native-unverified,separate-candidate-do-not-merge-with-official-weighted-history
2023-10-27,csi_dividend,中证红利,000922,dyr,5.89,guzhibiao-public-funddb-history,funddb-native-unverified,separate-candidate-do-not-merge-with-official-weighted-history
2023-11-03,csi_dividend,中证红利,000922,dyr,5.93,guzhibiao-public-funddb-history,funddb-native-unverified,separate-candidate-do-not-merge-with-official-weighted-history
2023-11-10,csi_dividend,中证红利,000922,dyr,5.94,guzhibiao-public-funddb-history,funddb-native-unverified,separate-candidate-do-not-merge-with-official-weighted-history
2023-11-17,csi_dividend,中证红利,000922,dyr,5.95,guzhibiao-public-funddb-history,funddb-native-unverified,separate-candidate-do-not-merge-with-official-weighted-history
2023-11-24,csi_dividend,中证红利,000922,dyr,5.89,guzhibiao-public-funddb-history,funddb-native-unverified,separate-candidate-do-not-merge-with-official-weighted-history
2023-12-01,csi_dividend,中证红利,000922,dyr,5.91,guzhibiao-public-funddb-history,funddb-native-unverified,separate-candidate-do-not-merge-with-official-weighted-history
2023-12-08,csi_dividend,中证红利,000922,dyr,6.01,guzhibiao-public-funddb-history,funddb-native-unverified,separate-candidate-do-not-merge-with-official-weighted-history
2023-12-15,csi_dividend,中证红利,000922,dyr,6.32,guzhibiao-public-funddb-history,funddb-native-unverified,separate-candidate-do-not-merge-with-official-weighted-history
2023-12-22,csi_dividend,中证红利,000922,dyr,6.26,guzhibiao-public-funddb-history,funddb-native-unverified,separate-candidate-do-not-merge-with-official-weighted-history
2023-12-29,csi_dividend,中证红利,000922,dyr,6.19,guzhibiao-public-funddb-history,funddb-native-unverified,separate-candidate-do-not-merge-with-official-weighted-history
2024-01-05,csi_dividend,中证红利,000922,dyr,6.04,guzhibiao-public-funddb-history,funddb-native-unverified,separate-candidate-do-not-merge-with-official-weighted-history
2024-01-12,csi_dividend,中证红利,000922,dyr,6.13,guzhibiao-public-funddb-history,funddb-native-unverified,separate-candidate-do-not-merge-with-official-weighted-history
2024-01-19,csi_dividend,中证红利,000922,dyr,6.16,guzhibiao-public-funddb-history,funddb-native-unverified,separate-candidate-do-not-merge-with-official-weighted-history
2024-01-26,csi_dividend,中证红利,000922,dyr,5.77,guzhibiao-public-funddb-history,funddb-native-unverified,separate-candidate-do-not-merge-with-official-weighted-history
2024-02-02,csi_dividend,中证红利,000922,dyr,5.77,guzhibiao-public-funddb-history,funddb-native-unverified,separate-candidate-do-not-merge-with-official-weighted-history
2024-02-08,csi_dividend,中证红利,000922,dyr,5.69,guzhibiao-public-funddb-history,funddb-native-unverified,separate-candidate-do-not-merge-with-official-weighted-history
2024-02-23,csi_dividend,中证红利,000922,dyr,5.35,guzhibiao-public-funddb-history,funddb-native-unverified,separate-candidate-do-not-merge-with-official-weighted-history
2024-03-01,csi_dividend,中证红利,000922,dyr,5.42,guzhibiao-public-funddb-history,funddb-native-unverified,separate-candidate-do-not-merge-with-official-weighted-history
2024-03-08,csi_dividend,中证红利,000922,dyr,5.32,guzhibiao-public-funddb-history,funddb-native-unverified,separate-candidate-do-not-merge-with-official-weighted-history
2024-03-15,csi_dividend,中证红利,000922,dyr,5.51,guzhibiao-public-funddb-history,funddb-native-unverified,separate-candidate-do-not-merge-with-official-weighted-history
2024-03-22,csi_dividend,中证红利,000922,dyr,5.48,guzhibiao-public-funddb-history,funddb-native-unverified,separate-candidate-do-not-merge-with-official-weighted-history
2024-03-29,csi_dividend,中证红利,000922,dyr,5.38,guzhibiao-public-funddb-history,funddb-native-unverified,separate-candidate-do-not-merge-with-official-weighted-history
2024-04-03,csi_dividend,中证红利,000922,dyr,5.3,guzhibiao-public-funddb-history,funddb-native-unverified,separate-candidate-do-not-merge-with-official-weighted-history
2024-04-12,csi_dividend,中证红利,000922,dyr,5.3,guzhibiao-public-funddb-history,funddb-native-unverified,separate-candidate-do-not-merge-with-official-weighted-history
2024-04-19,csi_dividend,中证红利,000922,dyr,5.05,guzhibiao-public-funddb-history,funddb-native-unverified,separate-candidate-do-not-merge-with-official-weighted-history
2024-04-26,csi_dividend,中证红利,000922,dyr,5.19,guzhibiao-public-funddb-history,funddb-native-unverified,separate-candidate-do-not-merge-with-official-weighted-history
2024-04-30,csi_dividend,中证红利,000922,dyr,5.22,guzhibiao-public-funddb-history,funddb-native-unverified,separate-candidate-do-not-merge-with-official-weighted-history
2024-05-10,csi_dividend,中证红利,000922,dyr,5.15,guzhibiao-public-funddb-history,funddb-native-unverified,separate-candidate-do-not-merge-with-official-weighted-history
2024-05-17,csi_dividend,中证红利,000922,dyr,5.12,guzhibiao-public-funddb-history,funddb-native-unverified,separate-candidate-do-not-merge-with-official-weighted-history
2024-05-24,csi_dividend,中证红利,000922,dyr,5.13,guzhibiao-public-funddb-history,funddb-native-unverified,separate-candidate-do-not-merge-with-official-weighted-history
2024-05-31,csi_dividend,中证红利,000922,dyr,5.12,guzhibiao-public-funddb-history,funddb-native-unverified,separate-candidate-do-not-merge-with-official-weighted-history
2024-06-07,csi_dividend,中证红利,000922,dyr,5.72,guzhibiao-public-funddb-history,funddb-native-unverified,separate-candidate-do-not-merge-with-official-weighted-history
2024-06-14,csi_dividend,中证红利,000922,dyr,5.84,guzhibiao-public-funddb-history,funddb-native-unverified,separate-candidate-do-not-merge-with-official-weighted-history
2024-06-21,csi_dividend,中证红利,000922,dyr,5.59,guzhibiao-public-funddb-history,funddb-native-unverified,separate-candidate-do-not-merge-with-official-weighted-history
2024-06-28,csi_dividend,中证红利,000922,dyr,5.79,guzhibiao-public-funddb-history,funddb-native-unverified,separate-candidate-do-not-merge-with-official-weighted-history
2024-07-05,csi_dividend,中证红利,000922,dyr,5.22,guzhibiao-public-funddb-history,funddb-native-unverified,separate-candidate-do-not-merge-with-official-weighted-history
2024-07-12,csi_dividend,中证红利,000922,dyr,5.85,guzhibiao-public-funddb-history,funddb-native-unverified,separate-candidate-do-not-merge-with-official-weighted-history
2024-07-19,csi_dividend,中证红利,000922,dyr,5.23,guzhibiao-public-funddb-history,funddb-native-unverified,separate-candidate-do-not-merge-with-official-weighted-history
2024-07-26,csi_dividend,中证红利,000922,dyr,5.04,guzhibiao-public-funddb-history,funddb-native-unverified,separate-candidate-do-not-merge-with-official-weighted-history
2024-08-02,csi_dividend,中证红利,000922,dyr,5.07,guzhibiao-public-funddb-history,funddb-native-unverified,separate-candidate-do-not-merge-with-official-weighted-history
2024-08-09,csi_dividend,中证红利,000922,dyr,5.12,guzhibiao-public-funddb-history,funddb-native-unverified,separate-candidate-do-not-merge-with-official-weighted-history
2024-08-16,csi_dividend,中证红利,000922,dyr,4.95,guzhibiao-public-funddb-history,funddb-native-unverified,separate-candidate-do-not-merge-with-official-weighted-history
2024-08-23,csi_dividend,中证红利,000922,dyr,4.87,guzhibiao-public-funddb-history,funddb-native-unverified,separate-candidate-do-not-merge-with-official-weighted-history
2024-08-30,csi_dividend,中证红利,000922,dyr,5.12,guzhibiao-public-funddb-history,funddb-native-unverified,separate-candidate-do-not-merge-with-official-weighted-history
2024-09-06,csi_dividend,中证红利,000922,dyr,5.29,guzhibiao-public-funddb-history,funddb-native-unverified,separate-candidate-do-not-merge-with-official-weighted-history
2024-09-13,csi_dividend,中证红利,000922,dyr,5.56,guzhibiao-public-funddb-history,funddb-native-unverified,separate-candidate-do-not-merge-with-official-weighted-history
2024-09-20,csi_dividend,中证红利,000922,dyr,5.65,guzhibiao-public-funddb-history,funddb-native-unverified,separate-candidate-do-not-merge-with-official-weighted-history
2024-09-27,csi_dividend,中证红利,000922,dyr,4.98,guzhibiao-public-funddb-history,funddb-native-unverified,separate-candidate-do-not-merge-with-official-weighted-history
2024-09-30,csi_dividend,中证红利,000922,dyr,4.75,guzhibiao-public-funddb-history,funddb-native-unverified,separate-candidate-do-not-merge-with-official-weighted-history
2024-10-11,csi_dividend,中证红利,000922,dyr,4.86,guzhibiao-public-funddb-history,funddb-native-unverified,separate-candidate-do-not-merge-with-official-weighted-history
2024-10-18,csi_dividend,中证红利,000922,dyr,4.82,guzhibiao-public-funddb-history,funddb-native-unverified,separate-candidate-do-not-merge-with-official-weighted-history
2024-10-25,csi_dividend,中证红利,000922,dyr,4.94,guzhibiao-public-funddb-history,funddb-native-unverified,separate-candidate-do-not-merge-with-official-weighted-history
2024-11-01,csi_dividend,中证红利,000922,dyr,5.01,guzhibiao-public-funddb-history,funddb-native-unverified,separate-candidate-do-not-merge-with-official-weighted-history
2024-11-08,csi_dividend,中证红利,000922,dyr,4.98,guzhibiao-public-funddb-history,funddb-native-unverified,separate-candidate-do-not-merge-with-official-weighted-history
2024-11-15,csi_dividend,中证红利,000922,dyr,5.13,guzhibiao-public-funddb-history,funddb-native-unverified,separate-candidate-do-not-merge-with-official-weighted-history
2024-11-22,csi_dividend,中证红利,000922,dyr,5.15,guzhibiao-public-funddb-history,funddb-native-unverified,separate-candidate-do-not-merge-with-official-weighted-history
2024-11-29,csi_dividend,中证红利,000922,dyr,5.11,guzhibiao-public-funddb-history,funddb-native-unverified,separate-candidate-do-not-merge-with-official-weighted-history
2024-12-06,csi_dividend,中证红利,000922,dyr,4.97,guzhibiao-public-funddb-history,funddb-native-unverified,separate-candidate-do-not-merge-with-official-weighted-history
2024-12-13,csi_dividend,中证红利,000922,dyr,5.03,guzhibiao-public-funddb-history,funddb-native-unverified,separate-candidate-do-not-merge-with-official-weighted-history
2024-12-20,csi_dividend,中证红利,000922,dyr,5.3,guzhibiao-public-funddb-history,funddb-native-unverified,separate-candidate-do-not-merge-with-official-weighted-history
2024-12-27,csi_dividend,中证红利,000922,dyr,5.06,guzhibiao-public-funddb-history,funddb-native-unverified,separate-candidate-do-not-merge-with-official-weighted-history
2025-01-03,csi_dividend,中证红利,000922,dyr,5.17,guzhibiao-public-funddb-history,funddb-native-unverified,separate-candidate-do-not-merge-with-official-weighted-history
2025-01-10,csi_dividend,中证红利,000922,dyr,5.96,guzhibiao-public-funddb-history,funddb-native-unverified,separate-candidate-do-not-merge-with-official-weighted-history
2025-01-17,csi_dividend,中证红利,000922,dyr,5.95,guzhibiao-public-funddb-history,funddb-native-unverified,separate-candidate-do-not-merge-with-official-weighted-history
2025-01-24,csi_dividend,中证红利,000922,dyr,6.34,guzhibiao-public-funddb-history,funddb-native-unverified,separate-candidate-do-not-merge-with-official-weighted-history
2025-01-27,csi_dividend,中证红利,000922,dyr,6.23,guzhibiao-public-funddb-history,funddb-native-unverified,separate-candidate-do-not-merge-with-official-weighted-history
2025-02-07,csi_dividend,中证红利,000922,dyr,6.34,guzhibiao-public-funddb-history,funddb-native-unverified,separate-candidate-do-not-merge-with-official-weighted-history
2025-02-14,csi_dividend,中证红利,000922,dyr,6.25,guzhibiao-public-funddb-history,funddb-native-unverified,separate-candidate-do-not-merge-with-official-weighted-history
2025-02-21,csi_dividend,中证红利,000922,dyr,6.33,guzhibiao-public-funddb-history,funddb-native-unverified,separate-candidate-do-not-merge-with-official-weighted-history
2025-02-28,csi_dividend,中证红利,000922,dyr,6.37,guzhibiao-public-funddb-history,funddb-native-unverified,separate-candidate-do-not-merge-with-official-weighted-history
2025-03-07,csi_dividend,中证红利,000922,dyr,6.37,guzhibiao-public-funddb-history,funddb-native-unverified,separate-candidate-do-not-merge-with-official-weighted-history
2025-03-14,csi_dividend,中证红利,000922,dyr,6.3,guzhibiao-public-funddb-history,funddb-native-unverified,separate-candidate-do-not-merge-with-official-weighted-history
2025-03-21,csi_dividend,中证红利,000922,dyr,6.3,guzhibiao-public-funddb-history,funddb-native-unverified,separate-candidate-do-not-merge-with-official-weighted-history
2025-03-28,csi_dividend,中证红利,000922,dyr,6.25,guzhibiao-public-funddb-history,funddb-native-unverified,separate-candidate-do-not-merge-with-official-weighted-history
2025-04-03,csi_dividend,中证红利,000922,dyr,6.18,guzhibiao-public-funddb-history,funddb-native-unverified,separate-candidate-do-not-merge-with-official-weighted-history
2025-04-11,csi_dividend,中证红利,000922,dyr,6.38,guzhibiao-public-funddb-history,funddb-native-unverified,separate-candidate-do-not-merge-with-official-weighted-history
2025-04-18,csi_dividend,中证红利,000922,dyr,6.2,guzhibiao-public-funddb-history,funddb-native-unverified,separate-candidate-do-not-merge-with-official-weighted-history
2025-04-25,csi_dividend,中证红利,000922,dyr,6.37,guzhibiao-public-funddb-history,funddb-native-unverified,separate-candidate-do-not-merge-with-official-weighted-history
2025-04-30,csi_dividend,中证红利,000922,dyr,6.53,guzhibiao-public-funddb-history,funddb-native-unverified,separate-candidate-do-not-merge-with-official-weighted-history
2025-05-09,csi_dividend,中证红利,000922,dyr,6.41,guzhibiao-public-funddb-history,funddb-native-unverified,separate-candidate-do-not-merge-with-official-weighted-history
2025-05-16,csi_dividend,中证红利,000922,dyr,6.37,guzhibiao-public-funddb-history,funddb-native-unverified,separate-candidate-do-not-merge-with-official-weighted-history
2025-05-23,csi_dividend,中证红利,000922,dyr,6.36,guzhibiao-public-funddb-history,funddb-native-unverified,separate-candidate-do-not-merge-with-official-weighted-history
2025-05-30,csi_dividend,中证红利,000922,dyr,6.34,guzhibiao-public-funddb-history,funddb-native-unverified,separate-candidate-do-not-merge-with-official-weighted-history
2025-06-06,csi_dividend,中证红利,000922,dyr,6.32,guzhibiao-public-funddb-history,funddb-native-unverified,separate-candidate-do-not-merge-with-official-weighted-history
2025-06-13,csi_dividend,中证红利,000922,dyr,5.8,guzhibiao-public-funddb-history,funddb-native-unverified,separate-candidate-do-not-merge-with-official-weighted-history
2025-06-20,csi_dividend,中证红利,000922,dyr,5.67,guzhibiao-public-funddb-history,funddb-native-unverified,separate-candidate-do-not-merge-with-official-weighted-history
2025-06-27,csi_dividend,中证红利,000922,dyr,5.71,guzhibiao-public-funddb-history,funddb-native-unverified,separate-candidate-do-not-merge-with-official-weighted-history
2025-07-04,csi_dividend,中证红利,000922,dyr,5.44,guzhibiao-public-funddb-history,funddb-native-unverified,separate-candidate-do-not-merge-with-official-weighted-history
2025-07-11,csi_dividend,中证红利,000922,dyr,5.14,guzhibiao-public-funddb-history,funddb-native-unverified,separate-candidate-do-not-merge-with-official-weighted-history
2025-07-18,csi_dividend,中证红利,000922,dyr,4.58,guzhibiao-public-funddb-history,funddb-native-unverified,separate-candidate-do-not-merge-with-official-weighted-history
2025-07-25,csi_dividend,中证红利,000922,dyr,4.55,guzhibiao-public-funddb-history,funddb-native-unverified,separate-candidate-do-not-merge-with-official-weighted-history
2025-08-01,csi_dividend,中证红利,000922,dyr,4.49,guzhibiao-public-funddb-history,funddb-native-unverified,separate-candidate-do-not-merge-with-official-weighted-history
2025-08-08,csi_dividend,中证红利,000922,dyr,4.37,guzhibiao-public-funddb-history,funddb-native-unverified,separate-candidate-do-not-merge-with-official-weighted-history
2025-08-15,csi_dividend,中证红利,000922,dyr,4.44,guzhibiao-public-funddb-history,funddb-native-unverified,separate-candidate-do-not-merge-with-official-weighted-history
2025-08-22,csi_dividend,中证红利,000922,dyr,4.36,guzhibiao-public-funddb-history,funddb-native-unverified,separate-candidate-do-not-merge-with-official-weighted-history
2025-08-29,csi_dividend,中证红利,000922,dyr,4.45,guzhibiao-public-funddb-history,funddb-native-unverified,separate-candidate-do-not-merge-with-official-weighted-history
2025-09-05,csi_dividend,中证红利,000922,dyr,4.44,guzhibiao-public-funddb-history,funddb-native-unverified,separate-candidate-do-not-merge-with-official-weighted-history
2025-09-12,csi_dividend,中证红利,000922,dyr,4.5,guzhibiao-public-funddb-history,funddb-native-unverified,separate-candidate-do-not-merge-with-official-weighted-history
2025-09-19,csi_dividend,中证红利,000922,dyr,4.87,guzhibiao-public-funddb-history,funddb-native-unverified,separate-candidate-do-not-merge-with-official-weighted-history
2025-09-26,csi_dividend,中证红利,000922,dyr,4.63,guzhibiao-public-funddb-history,funddb-native-unverified,separate-candidate-do-not-merge-with-official-weighted-history
2025-09-30,csi_dividend,中证红利,000922,dyr,4.68,guzhibiao-public-funddb-history,funddb-native-unverified,separate-candidate-do-not-merge-with-official-weighted-history
2025-10-10,csi_dividend,中证红利,000922,dyr,4.62,guzhibiao-public-funddb-history,funddb-native-unverified,separate-candidate-do-not-merge-with-official-weighted-history
2025-10-17,csi_dividend,中证红利,000922,dyr,4.41,guzhibiao-public-funddb-history,funddb-native-unverified,separate-candidate-do-not-merge-with-official-weighted-history
2025-10-24,csi_dividend,中证红利,000922,dyr,4.34,guzhibiao-public-funddb-history,funddb-native-unverified,separate-candidate-do-not-merge-with-official-weighted-history
2025-10-31,csi_dividend,中证红利,000922,dyr,4.36,guzhibiao-public-funddb-history,funddb-native-unverified,separate-candidate-do-not-merge-with-official-weighted-history
2025-11-07,csi_dividend,中证红利,000922,dyr,4.22,guzhibiao-public-funddb-history,funddb-native-unverified,separate-candidate-do-not-merge-with-official-weighted-history
2025-11-14,csi_dividend,中证红利,000922,dyr,4.22,guzhibiao-public-funddb-history,funddb-native-unverified,separate-candidate-do-not-merge-with-official-weighted-history
2025-11-21,csi_dividend,中证红利,000922,dyr,4.32,guzhibiao-public-funddb-history,funddb-native-unverified,separate-candidate-do-not-merge-with-official-weighted-history
2025-11-28,csi_dividend,中证红利,000922,dyr,4.38,guzhibiao-public-funddb-history,funddb-native-unverified,separate-candidate-do-not-merge-with-official-weighted-history
2025-12-05,csi_dividend,中证红利,000922,dyr,4.38,guzhibiao-public-funddb-history,funddb-native-unverified,separate-candidate-do-not-merge-with-official-weighted-history
2025-12-12,csi_dividend,中证红利,000922,dyr,4.61,guzhibiao-public-funddb-history,funddb-native-unverified,separate-candidate-do-not-merge-with-official-weighted-history
2025-12-19,csi_dividend,中证红利,000922,dyr,5.08,guzhibiao-public-funddb-history,funddb-native-unverified,separate-candidate-do-not-merge-with-official-weighted-history
2025-12-26,csi_dividend,中证红利,000922,dyr,5.14,guzhibiao-public-funddb-history,funddb-native-unverified,separate-candidate-do-not-merge-with-official-weighted-history
2025-12-31,csi_dividend,中证红利,000922,dyr,5.06,guzhibiao-public-funddb-history,funddb-native-unverified,separate-candidate-do-not-merge-with-official-weighted-history
2026-01-09,csi_dividend,中证红利,000922,dyr,4.62,guzhibiao-public-funddb-history,funddb-native-unverified,separate-candidate-do-not-merge-with-official-weighted-history
2026-01-16,csi_dividend,中证红利,000922,dyr,4.93,guzhibiao-public-funddb-history,funddb-native-unverified,separate-candidate-do-not-merge-with-official-weighted-history
2026-01-23,csi_dividend,中证红利,000922,dyr,5.02,guzhibiao-public-funddb-history,funddb-native-unverified,separate-candidate-do-not-merge-with-official-weighted-history
2026-01-30,csi_dividend,中证红利,000922,dyr,4.68,guzhibiao-public-funddb-history,funddb-native-unverified,separate-candidate-do-not-merge-with-official-weighted-history
2026-02-06,csi_dividend,中证红利,000922,dyr,4.79,guzhibiao-public-funddb-history,funddb-native-unverified,separate-candidate-do-not-merge-with-official-weighted-history
2026-02-13,csi_dividend,中证红利,000922,dyr,4.86,guzhibiao-public-funddb-history,funddb-native-unverified,separate-candidate-do-not-merge-with-official-weighted-history
2026-02-27,csi_dividend,中证红利,000922,dyr,4.85,guzhibiao-public-funddb-history,funddb-native-unverified,separate-candidate-do-not-merge-with-official-weighted-history
2026-03-06,csi_dividend,中证红利,000922,dyr,4.68,guzhibiao-public-funddb-history,funddb-native-unverified,separate-candidate-do-not-merge-with-official-weighted-history
2026-03-13,csi_dividend,中证红利,000922,dyr,4.66,guzhibiao-public-funddb-history,funddb-native-unverified,separate-candidate-do-not-merge-with-official-weighted-history
2026-03-20,csi_dividend,中证红利,000922,dyr,4.62,guzhibiao-public-funddb-history,funddb-native-unverified,separate-candidate-do-not-merge-with-official-weighted-history
2026-03-27,csi_dividend,中证红利,000922,dyr,4.69,guzhibiao-public-funddb-history,funddb-native-unverified,separate-candidate-do-not-merge-with-official-weighted-history
2026-04-03,csi_dividend,中证红利,000922,dyr,4.63,guzhibiao-public-funddb-history,funddb-native-unverified,separate-candidate-do-not-merge-with-official-weighted-history
2026-04-10,csi_dividend,中证红利,000922,dyr,4.7,guzhibiao-public-funddb-history,funddb-native-unverified,separate-candidate-do-not-merge-with-official-weighted-history
2026-04-17,csi_dividend,中证红利,000922,dyr,4.68,guzhibiao-public-funddb-history,funddb-native-unverified,separate-candidate-do-not-merge-with-official-weighted-history
2026-04-24,csi_dividend,中证红利,000922,dyr,4.58,guzhibiao-public-funddb-history,funddb-native-unverified,separate-candidate-do-not-merge-with-official-weighted-history
2026-04-30,csi_dividend,中证红利,000922,dyr,4.45,guzhibiao-public-funddb-history,funddb-native-unverified,separate-candidate-do-not-merge-with-official-weighted-history
2026-05-08,csi_dividend,中证红利,000922,dyr,4.48,guzhibiao-public-funddb-history,funddb-native-unverified,separate-candidate-do-not-merge-with-official-weighted-history
2026-05-15,csi_dividend,中证红利,000922,dyr,5.07,guzhibiao-public-funddb-history,funddb-native-unverified,separate-candidate-do-not-merge-with-official-weighted-history
2026-05-22,csi_dividend,中证红利,000922,dyr,4.62,guzhibiao-public-funddb-history,funddb-native-unverified,separate-candidate-do-not-merge-with-official-weighted-history
2026-05-29,csi_dividend,中证红利,000922,dyr,4.65,guzhibiao-public-funddb-history,funddb-native-unverified,separate-candidate-do-not-merge-with-official-weighted-history
2026-06-05,csi_dividend,中证红利,000922,dyr,4.57,guzhibiao-public-funddb-history,funddb-native-unverified,separate-candidate-do-not-merge-with-official-weighted-history
2026-06-12,csi_dividend,中证红利,000922,dyr,4.7,guzhibiao-public-funddb-history,funddb-native-unverified,separate-candidate-do-not-merge-with-official-weighted-history
2026-06-18,csi_dividend,中证红利,000922,dyr,5.14,guzhibiao-public-funddb-history,funddb-native-unverified,separate-candidate-do-not-merge-with-official-weighted-history
2026-06-26,csi_dividend,中证红利,000922,dyr,5.04,guzhibiao-public-funddb-history,funddb-native-unverified,separate-candidate-do-not-merge-with-official-weighted-history
2026-07-03,csi_dividend,中证红利,000922,dyr,4.88,guzhibiao-public-funddb-history,funddb-native-unverified,separate-candidate-do-not-merge-with-official-weighted-history
2026-07-10,csi_dividend,中证红利,000922,dyr,5.07,guzhibiao-public-funddb-history,funddb-native-unverified,separate-candidate-do-not-merge-with-official-weighted-history
2026-07-17,csi_dividend,中证红利,000922,dyr,4.63,guzhibiao-public-funddb-history,funddb-native-unverified,separate-candidate-do-not-merge-with-official-weighted-history
2026-07-24,csi_dividend,中证红利,000922,dyr,4.25,guzhibiao-public-funddb-history,funddb-native-unverified,separate-candidate-do-not-merge-with-official-weighted-history
2026-07-31,csi_dividend,中证红利,000922,dyr,4.14,guzhibiao-public-funddb-history,funddb-native-unverified,separate-candidate-do-not-merge-with-official-weighted-history
2026-08-07,csi_dividend,中证红利,000922,dyr,4.3,guzhibiao-public-funddb-history,funddb-native-unverified,separate-candidate-do-not-merge-with-official-weighted-history
2026-08-14,csi_dividend,中证红利,000922,dyr,4.29,guzhibiao-public-funddb-history,funddb-native-unverified,separate-candidate-do-not-merge-with-official-weighted-history
2026-08-21,csi_dividend,中证红利,000922,dyr,4.17,guzhibiao-public-funddb-history,funddb-native-unverified,separate-candidate-do-not-merge-with-official-weighted-history
2026-08-28,csi_dividend,中证红利,000922,dyr,4.15,guzhibiao-public-funddb-history,funddb-native-unverified,separate-candidate-do-not-merge-with-official-weighted-history
2026-09-04,csi_dividend,中证红利,000922,dyr,4.03,guzhibiao-public-funddb-history,funddb-native-unverified,separate-candidate-do-not-merge-with-official-weighted-history
2026-09-11,csi_dividend,中证红利,000922,dyr,4.09,guzhibiao-public-funddb-history,funddb-native-unverified,separate-candidate-do-not-merge-with-official-weighted-history
2026-09-18,csi_dividend,中证红利,000922,dyr,4.32,guzhibiao-public-funddb-history,funddb-native-unverified,separate-candidate-do-not-merge-with-official-weighted-history
2026-09-24,csi_dividend,中证红利,000922,dyr,4.17,guzhibiao-public-funddb-history,funddb-native-unverified,separate-candidate-do-not-merge-with-official-weighted-history
2026-09-29,csi_dividend,中证红利,000922,dyr,4.14,guzhibiao-public-funddb-history,funddb-native-unverified,separate-candidate-do-not-merge-with-official-weighted-history
2019-03-22,pharma50,医药50,931140,pb,4.87,guzhibiao-public-funddb-history,funddb-native-unverified,separate-candidate-do-not-merge-with-official-weighted-history
2019-03-29,pharma50,医药50,931140,pb,4.95,guzhibiao-public-funddb-history,funddb-native-unverified,separate-candidate-do-not-merge-with-official-weighted-history
2019-04-04,pharma50,医药50,931140,pb,5.02,guzhibiao-public-funddb-history,funddb-native-unverified,separate-candidate-do-not-merge-with-official-weighted-history
2019-04-12,pharma50,医药50,931140,pb,4.95,guzhibiao-public-funddb-history,funddb-native-unverified,separate-candidate-do-not-merge-with-official-weighted-history
2019-04-19,pharma50,医药50,931140,pb,4.93,guzhibiao-public-funddb-history,funddb-native-unverified,separate-candidate-do-not-merge-with-official-weighted-history
2019-04-26,pharma50,医药50,931140,pb,4.69,guzhibiao-public-funddb-history,funddb-native-unverified,separate-candidate-do-not-merge-with-official-weighted-history
2019-04-30,pharma50,医药50,931140,pb,4.76,guzhibiao-public-funddb-history,funddb-native-unverified,separate-candidate-do-not-merge-with-official-weighted-history
2019-05-10,pharma50,医药50,931140,pb,4.52,guzhibiao-public-funddb-history,funddb-native-unverified,separate-candidate-do-not-merge-with-official-weighted-history
2019-05-17,pharma50,医药50,931140,pb,4.52,guzhibiao-public-funddb-history,funddb-native-unverified,separate-candidate-do-not-merge-with-official-weighted-history
2019-05-24,pharma50,医药50,931140,pb,4.37,guzhibiao-public-funddb-history,funddb-native-unverified,separate-candidate-do-not-merge-with-official-weighted-history
2019-05-31,pharma50,医药50,931140,pb,4.41,guzhibiao-public-funddb-history,funddb-native-unverified,separate-candidate-do-not-merge-with-official-weighted-history
2019-06-06,pharma50,医药50,931140,pb,4.12,guzhibiao-public-funddb-history,funddb-native-unverified,separate-candidate-do-not-merge-with-official-weighted-history
2019-06-14,pharma50,医药50,931140,pb,4.28,guzhibiao-public-funddb-history,funddb-native-unverified,separate-candidate-do-not-merge-with-official-weighted-history
2019-06-21,pharma50,医药50,931140,pb,5.6,guzhibiao-public-funddb-history,funddb-native-unverified,separate-candidate-do-not-merge-with-official-weighted-history
2019-06-28,pharma50,医药50,931140,pb,5.75,guzhibiao-public-funddb-history,funddb-native-unverified,separate-candidate-do-not-merge-with-official-weighted-history
2019-07-05,pharma50,医药50,931140,pb,5.24,guzhibiao-public-funddb-history,funddb-native-unverified,separate-candidate-do-not-merge-with-official-weighted-history
2019-07-12,pharma50,医药50,931140,pb,5.19,guzhibiao-public-funddb-history,funddb-native-unverified,separate-candidate-do-not-merge-with-official-weighted-history
2019-07-19,pharma50,医药50,931140,pb,5.08,guzhibiao-public-funddb-history,funddb-native-unverified,separate-candidate-do-not-merge-with-official-weighted-history
2019-07-26,pharma50,医药50,931140,pb,5.21,guzhibiao-public-funddb-history,funddb-native-unverified,separate-candidate-do-not-merge-with-official-weighted-history
2019-08-02,pharma50,医药50,931140,pb,5.1,guzhibiao-public-funddb-history,funddb-native-unverified,separate-candidate-do-not-merge-with-official-weighted-history
2019-08-09,pharma50,医药50,931140,pb,5.11,guzhibiao-public-funddb-history,funddb-native-unverified,separate-candidate-do-not-merge-with-official-weighted-history
2019-08-16,pharma50,医药50,931140,pb,5.33,guzhibiao-public-funddb-history,funddb-native-unverified,separate-candidate-do-not-merge-with-official-weighted-history
2019-08-23,pharma50,医药50,931140,pb,5.6,guzhibiao-public-funddb-history,funddb-native-unverified,separate-candidate-do-not-merge-with-official-weighted-history
2019-08-30,pharma50,医药50,931140,pb,5.35,guzhibiao-public-funddb-history,funddb-native-unverified,separate-candidate-do-not-merge-with-official-weighted-history
2019-09-06,pharma50,医药50,931140,pb,5.39,guzhibiao-public-funddb-history,funddb-native-unverified,separate-candidate-do-not-merge-with-official-weighted-history
2019-09-12,pharma50,医药50,931140,pb,5.35,guzhibiao-public-funddb-history,funddb-native-unverified,separate-candidate-do-not-merge-with-official-weighted-history
2019-09-20,pharma50,医药50,931140,pb,5.92,guzhibiao-public-funddb-history,funddb-native-unverified,separate-candidate-do-not-merge-with-official-weighted-history
2019-09-27,pharma50,医药50,931140,pb,5.8,guzhibiao-public-funddb-history,funddb-native-unverified,separate-candidate-do-not-merge-with-official-weighted-history
2019-09-30,pharma50,医药50,931140,pb,5.77,guzhibiao-public-funddb-history,funddb-native-unverified,separate-candidate-do-not-merge-with-official-weighted-history
2019-10-11,pharma50,医药50,931140,pb,5.97,guzhibiao-public-funddb-history,funddb-native-unverified,separate-candidate-do-not-merge-with-official-weighted-history
2019-10-18,pharma50,医药50,931140,pb,6.02,guzhibiao-public-funddb-history,funddb-native-unverified,separate-candidate-do-not-merge-with-official-weighted-history
2019-10-25,pharma50,医药50,931140,pb,5.87,guzhibiao-public-funddb-history,funddb-native-unverified,separate-candidate-do-not-merge-with-official-weighted-history
2019-11-01,pharma50,医药50,931140,pb,6.2,guzhibiao-public-funddb-history,funddb-native-unverified,separate-candidate-do-not-merge-with-official-weighted-history
2019-11-08,pharma50,医药50,931140,pb,6.31,guzhibiao-public-funddb-history,funddb-native-unverified,separate-candidate-do-not-merge-with-official-weighted-history
2019-11-15,pharma50,医药50,931140,pb,6.33,guzhibiao-public-funddb-history,funddb-native-unverified,separate-candidate-do-not-merge-with-official-weighted-history
2019-11-22,pharma50,医药50,931140,pb,6.1,guzhibiao-public-funddb-history,funddb-native-unverified,separate-candidate-do-not-merge-with-official-weighted-history
2019-11-29,pharma50,医药50,931140,pb,5.92,guzhibiao-public-funddb-history,funddb-native-unverified,separate-candidate-do-not-merge-with-official-weighted-history
2019-12-06,pharma50,医药50,931140,pb,5.99,guzhibiao-public-funddb-history,funddb-native-unverified,separate-candidate-do-not-merge-with-official-weighted-history
2019-12-13,pharma50,医药50,931140,pb,5.98,guzhibiao-public-funddb-history,funddb-native-unverified,separate-candidate-do-not-merge-with-official-weighted-history
2019-12-20,pharma50,医药50,931140,pb,6.5,guzhibiao-public-funddb-history,funddb-native-unverified,separate-candidate-do-not-merge-with-official-weighted-history
2019-12-27,pharma50,医药50,931140,pb,6.49,guzhibiao-public-funddb-history,funddb-native-unverified,separate-candidate-do-not-merge-with-official-weighted-history
2020-01-03,pharma50,医药50,931140,pb,6.59,guzhibiao-public-funddb-history,funddb-native-unverified,separate-candidate-do-not-merge-with-official-weighted-history
2020-01-10,pharma50,医药50,931140,pb,6.84,guzhibiao-public-funddb-history,funddb-native-unverified,separate-candidate-do-not-merge-with-official-weighted-history
2020-01-17,pharma50,医药50,931140,pb,7.02,guzhibiao-public-funddb-history,funddb-native-unverified,separate-candidate-do-not-merge-with-official-weighted-history
2020-01-23,pharma50,医药50,931140,pb,6.92,guzhibiao-public-funddb-history,funddb-native-unverified,separate-candidate-do-not-merge-with-official-weighted-history
2020-02-07,pharma50,医药50,931140,pb,7.19,guzhibiao-public-funddb-history,funddb-native-unverified,separate-candidate-do-not-merge-with-official-weighted-history
2020-02-14,pharma50,医药50,931140,pb,7.28,guzhibiao-public-funddb-history,funddb-native-unverified,separate-candidate-do-not-merge-with-official-weighted-history
2020-02-21,pharma50,医药50,931140,pb,7.37,guzhibiao-public-funddb-history,funddb-native-unverified,separate-candidate-do-not-merge-with-official-weighted-history
2020-02-28,pharma50,医药50,931140,pb,7.03,guzhibiao-public-funddb-history,funddb-native-unverified,separate-candidate-do-not-merge-with-official-weighted-history
2020-03-06,pharma50,医药50,931140,pb,7.61,guzhibiao-public-funddb-history,funddb-native-unverified,separate-candidate-do-not-merge-with-official-weighted-history
2020-03-13,pharma50,医药50,931140,pb,6.97,guzhibiao-public-funddb-history,funddb-native-unverified,separate-candidate-do-not-merge-with-official-weighted-history
2020-03-20,pharma50,医药50,931140,pb,6.69,guzhibiao-public-funddb-history,funddb-native-unverified,separate-candidate-do-not-merge-with-official-weighted-history
2020-03-27,pharma50,医药50,931140,pb,7.26,guzhibiao-public-funddb-history,funddb-native-unverified,separate-candidate-do-not-merge-with-official-weighted-history
2020-04-03,pharma50,医药50,931140,pb,7.3,guzhibiao-public-funddb-history,funddb-native-unverified,separate-candidate-do-not-merge-with-official-weighted-history
2020-04-10,pharma50,医药50,931140,pb,7.6,guzhibiao-public-funddb-history,funddb-native-unverified,separate-candidate-do-not-merge-with-official-weighted-history
2020-04-17,pharma50,医药50,931140,pb,7.72,guzhibiao-public-funddb-history,funddb-native-unverified,separate-candidate-do-not-merge-with-official-weighted-history
2020-04-24,pharma50,医药50,931140,pb,7.76,guzhibiao-public-funddb-history,funddb-native-unverified,separate-candidate-do-not-merge-with-official-weighted-history
2020-04-30,pharma50,医药50,931140,pb,7.5,guzhibiao-public-funddb-history,funddb-native-unverified,separate-candidate-do-not-merge-with-official-weighted-history
2020-05-08,pharma50,医药50,931140,pb,7.75,guzhibiao-public-funddb-history,funddb-native-unverified,separate-candidate-do-not-merge-with-official-weighted-history
2020-05-15,pharma50,医药50,931140,pb,7.8,guzhibiao-public-funddb-history,funddb-native-unverified,separate-candidate-do-not-merge-with-official-weighted-history
2020-05-22,pharma50,医药50,931140,pb,7.78,guzhibiao-public-funddb-history,funddb-native-unverified,separate-candidate-do-not-merge-with-official-weighted-history
2020-05-29,pharma50,医药50,931140,pb,7.98,guzhibiao-public-funddb-history,funddb-native-unverified,separate-candidate-do-not-merge-with-official-weighted-history
2020-06-05,pharma50,医药50,931140,pb,8.21,guzhibiao-public-funddb-history,funddb-native-unverified,separate-candidate-do-not-merge-with-official-weighted-history
2020-06-12,pharma50,医药50,931140,pb,8.47,guzhibiao-public-funddb-history,funddb-native-unverified,separate-candidate-do-not-merge-with-official-weighted-history
2020-06-19,pharma50,医药50,931140,pb,8.9,guzhibiao-public-funddb-history,funddb-native-unverified,separate-candidate-do-not-merge-with-official-weighted-history
2020-06-24,pharma50,医药50,931140,pb,9.05,guzhibiao-public-funddb-history,funddb-native-unverified,separate-candidate-do-not-merge-with-official-weighted-history
2020-07-03,pharma50,医药50,931140,pb,9.11,guzhibiao-public-funddb-history,funddb-native-unverified,separate-candidate-do-not-merge-with-official-weighted-history
2020-07-10,pharma50,医药50,931140,pb,9.73,guzhibiao-public-funddb-history,funddb-native-unverified,separate-candidate-do-not-merge-with-official-weighted-history
2020-07-17,pharma50,医药50,931140,pb,9.85,guzhibiao-public-funddb-history,funddb-native-unverified,separate-candidate-do-not-merge-with-official-weighted-history
2020-07-24,pharma50,医药50,931140,pb,9.89,guzhibiao-public-funddb-history,funddb-native-unverified,separate-candidate-do-not-merge-with-official-weighted-history
2020-07-31,pharma50,医药50,931140,pb,10.65,guzhibiao-public-funddb-history,funddb-native-unverified,separate-candidate-do-not-merge-with-official-weighted-history
2020-08-07,pharma50,医药50,931140,pb,10.06,guzhibiao-public-funddb-history,funddb-native-unverified,separate-candidate-do-not-merge-with-official-weighted-history
2020-08-14,pharma50,医药50,931140,pb,9.49,guzhibiao-public-funddb-history,funddb-native-unverified,separate-candidate-do-not-merge-with-official-weighted-history
2020-08-21,pharma50,医药50,931140,pb,9.5,guzhibiao-public-funddb-history,funddb-native-unverified,separate-candidate-do-not-merge-with-official-weighted-history
2020-08-28,pharma50,医药50,931140,pb,9.77,guzhibiao-public-funddb-history,funddb-native-unverified,separate-candidate-do-not-merge-with-official-weighted-history
2020-09-04,pharma50,医药50,931140,pb,9.69,guzhibiao-public-funddb-history,funddb-native-unverified,separate-candidate-do-not-merge-with-official-weighted-history
2020-09-11,pharma50,医药50,931140,pb,9.16,guzhibiao-public-funddb-history,funddb-native-unverified,separate-candidate-do-not-merge-with-official-weighted-history
2020-09-18,pharma50,医药50,931140,pb,8.96,guzhibiao-public-funddb-history,funddb-native-unverified,separate-candidate-do-not-merge-with-official-weighted-history
2020-09-25,pharma50,医药50,931140,pb,8.96,guzhibiao-public-funddb-history,funddb-native-unverified,separate-candidate-do-not-merge-with-official-weighted-history
2020-09-30,pharma50,医药50,931140,pb,8.86,guzhibiao-public-funddb-history,funddb-native-unverified,separate-candidate-do-not-merge-with-official-weighted-history
2020-10-09,pharma50,医药50,931140,pb,9.11,guzhibiao-public-funddb-history,funddb-native-unverified,separate-candidate-do-not-merge-with-official-weighted-history
2020-10-16,pharma50,医药50,931140,pb,9.35,guzhibiao-public-funddb-history,funddb-native-unverified,separate-candidate-do-not-merge-with-official-weighted-history
2020-10-23,pharma50,医药50,931140,pb,8.71,guzhibiao-public-funddb-history,funddb-native-unverified,separate-candidate-do-not-merge-with-official-weighted-history
2020-10-30,pharma50,医药50,931140,pb,8.78,guzhibiao-public-funddb-history,funddb-native-unverified,separate-candidate-do-not-merge-with-official-weighted-history
2020-11-06,pharma50,医药50,931140,pb,8.62,guzhibiao-public-funddb-history,funddb-native-unverified,separate-candidate-do-not-merge-with-official-weighted-history
2020-11-13,pharma50,医药50,931140,pb,8.44,guzhibiao-public-funddb-history,funddb-native-unverified,separate-candidate-do-not-merge-with-official-weighted-history
2020-11-20,pharma50,医药50,931140,pb,8.2,guzhibiao-public-funddb-history,funddb-native-unverified,separate-candidate-do-not-merge-with-official-weighted-history
2020-11-27,pharma50,医药50,931140,pb,7.94,guzhibiao-public-funddb-history,funddb-native-unverified,separate-candidate-do-not-merge-with-official-weighted-history
2020-12-04,pharma50,医药50,931140,pb,8.46,guzhibiao-public-funddb-history,funddb-native-unverified,separate-candidate-do-not-merge-with-official-weighted-history
2020-12-11,pharma50,医药50,931140,pb,8.36,guzhibiao-public-funddb-history,funddb-native-unverified,separate-candidate-do-not-merge-with-official-weighted-history
2020-12-18,pharma50,医药50,931140,pb,9.09,guzhibiao-public-funddb-history,funddb-native-unverified,separate-candidate-do-not-merge-with-official-weighted-history
2020-12-25,pharma50,医药50,931140,pb,9.37,guzhibiao-public-funddb-history,funddb-native-unverified,separate-candidate-do-not-merge-with-official-weighted-history
2020-12-31,pharma50,医药50,931140,pb,9.43,guzhibiao-public-funddb-history,funddb-native-unverified,separate-candidate-do-not-merge-with-official-weighted-history
2021-01-08,pharma50,医药50,931140,pb,10.01,guzhibiao-public-funddb-history,funddb-native-unverified,separate-candidate-do-not-merge-with-official-weighted-history
2021-01-15,pharma50,医药50,931140,pb,9.73,guzhibiao-public-funddb-history,funddb-native-unverified,separate-candidate-do-not-merge-with-official-weighted-history
2021-01-22,pharma50,医药50,931140,pb,10.6,guzhibiao-public-funddb-history,funddb-native-unverified,separate-candidate-do-not-merge-with-official-weighted-history
2021-01-29,pharma50,医药50,931140,pb,9.9,guzhibiao-public-funddb-history,funddb-native-unverified,separate-candidate-do-not-merge-with-official-weighted-history
2021-02-05,pharma50,医药50,931140,pb,10.4,guzhibiao-public-funddb-history,funddb-native-unverified,separate-candidate-do-not-merge-with-official-weighted-history
2021-02-10,pharma50,医药50,931140,pb,10.99,guzhibiao-public-funddb-history,funddb-native-unverified,separate-candidate-do-not-merge-with-official-weighted-history
2021-02-19,pharma50,医药50,931140,pb,10.46,guzhibiao-public-funddb-history,funddb-native-unverified,separate-candidate-do-not-merge-with-official-weighted-history
2021-02-26,pharma50,医药50,931140,pb,9.41,guzhibiao-public-funddb-history,funddb-native-unverified,separate-candidate-do-not-merge-with-official-weighted-history
2021-03-05,pharma50,医药50,931140,pb,9.07,guzhibiao-public-funddb-history,funddb-native-unverified,separate-candidate-do-not-merge-with-official-weighted-history
2021-03-12,pharma50,医药50,931140,pb,8.72,guzhibiao-public-funddb-history,funddb-native-unverified,separate-candidate-do-not-merge-with-official-weighted-history
2021-03-19,pharma50,医药50,931140,pb,8.39,guzhibiao-public-funddb-history,funddb-native-unverified,separate-candidate-do-not-merge-with-official-weighted-history
2021-03-26,pharma50,医药50,931140,pb,8.77,guzhibiao-public-funddb-history,funddb-native-unverified,separate-candidate-do-not-merge-with-official-weighted-history
2021-04-02,pharma50,医药50,931140,pb,8.92,guzhibiao-public-funddb-history,funddb-native-unverified,separate-candidate-do-not-merge-with-official-weighted-history
2021-04-09,pharma50,医药50,931140,pb,8.82,guzhibiao-public-funddb-history,funddb-native-unverified,separate-candidate-do-not-merge-with-official-weighted-history
2021-04-16,pharma50,医药50,931140,pb,8.5,guzhibiao-public-funddb-history,funddb-native-unverified,separate-candidate-do-not-merge-with-official-weighted-history
2021-04-23,pharma50,医药50,931140,pb,8.97,guzhibiao-public-funddb-history,funddb-native-unverified,separate-candidate-do-not-merge-with-official-weighted-history
2021-04-30,pharma50,医药50,931140,pb,9.12,guzhibiao-public-funddb-history,funddb-native-unverified,separate-candidate-do-not-merge-with-official-weighted-history
2021-05-07,pharma50,医药50,931140,pb,8.45,guzhibiao-public-funddb-history,funddb-native-unverified,separate-candidate-do-not-merge-with-official-weighted-history
2021-05-14,pharma50,医药50,931140,pb,9.1,guzhibiao-public-funddb-history,funddb-native-unverified,separate-candidate-do-not-merge-with-official-weighted-history
2021-05-21,pharma50,医药50,931140,pb,9.16,guzhibiao-public-funddb-history,funddb-native-unverified,separate-candidate-do-not-merge-with-official-weighted-history
2021-05-28,pharma50,医药50,931140,pb,9.32,guzhibiao-public-funddb-history,funddb-native-unverified,separate-candidate-do-not-merge-with-official-weighted-history
2021-06-04,pharma50,医药50,931140,pb,9.4,guzhibiao-public-funddb-history,funddb-native-unverified,separate-candidate-do-not-merge-with-official-weighted-history
2021-06-11,pharma50,医药50,931140,pb,9.53,guzhibiao-public-funddb-history,funddb-native-unverified,separate-candidate-do-not-merge-with-official-weighted-history
2021-06-18,pharma50,医药50,931140,pb,9.12,guzhibiao-public-funddb-history,funddb-native-unverified,separate-candidate-do-not-merge-with-official-weighted-history
2021-06-25,pharma50,医药50,931140,pb,9.47,guzhibiao-public-funddb-history,funddb-native-unverified,separate-candidate-do-not-merge-with-official-weighted-history
2021-07-02,pharma50,医药50,931140,pb,9.35,guzhibiao-public-funddb-history,funddb-native-unverified,separate-candidate-do-not-merge-with-official-weighted-history
2021-07-09,pharma50,医药50,931140,pb,9.02,guzhibiao-public-funddb-history,funddb-native-unverified,separate-candidate-do-not-merge-with-official-weighted-history
2021-07-16,pharma50,医药50,931140,pb,9.13,guzhibiao-public-funddb-history,funddb-native-unverified,separate-candidate-do-not-merge-with-official-weighted-history
2021-07-23,pharma50,医药50,931140,pb,8.98,guzhibiao-public-funddb-history,funddb-native-unverified,separate-candidate-do-not-merge-with-official-weighted-history
2021-07-30,pharma50,医药50,931140,pb,8.45,guzhibiao-public-funddb-history,funddb-native-unverified,separate-candidate-do-not-merge-with-official-weighted-history
2021-08-06,pharma50,医药50,931140,pb,8.4,guzhibiao-public-funddb-history,funddb-native-unverified,separate-candidate-do-not-merge-with-official-weighted-history
2021-08-13,pharma50,医药50,931140,pb,8.2,guzhibiao-public-funddb-history,funddb-native-unverified,separate-candidate-do-not-merge-with-official-weighted-history
2021-08-20,pharma50,医药50,931140,pb,7.26,guzhibiao-public-funddb-history,funddb-native-unverified,separate-candidate-do-not-merge-with-official-weighted-history
2021-08-27,pharma50,医药50,931140,pb,7.2,guzhibiao-public-funddb-history,funddb-native-unverified,separate-candidate-do-not-merge-with-official-weighted-history
2021-09-03,pharma50,医药50,931140,pb,6.8,guzhibiao-public-funddb-history,funddb-native-unverified,separate-candidate-do-not-merge-with-official-weighted-history
2021-09-10,pharma50,医药50,931140,pb,6.9,guzhibiao-public-funddb-history,funddb-native-unverified,separate-candidate-do-not-merge-with-official-weighted-history
2021-09-17,pharma50,医药50,931140,pb,7.12,guzhibiao-public-funddb-history,funddb-native-unverified,separate-candidate-do-not-merge-with-official-weighted-history
2021-09-24,pharma50,医药50,931140,pb,7.21,guzhibiao-public-funddb-history,funddb-native-unverified,separate-candidate-do-not-merge-with-official-weighted-history
2021-09-30,pharma50,医药50,931140,pb,7.31,guzhibiao-public-funddb-history,funddb-native-unverified,separate-candidate-do-not-merge-with-official-weighted-history
2021-10-08,pharma50,医药50,931140,pb,7.39,guzhibiao-public-funddb-history,funddb-native-unverified,separate-candidate-do-not-merge-with-official-weighted-history
2021-10-15,pharma50,医药50,931140,pb,7.21,guzhibiao-public-funddb-history,funddb-native-unverified,separate-candidate-do-not-merge-with-official-weighted-history
2021-10-22,pharma50,医药50,931140,pb,7.03,guzhibiao-public-funddb-history,funddb-native-unverified,separate-candidate-do-not-merge-with-official-weighted-history
2021-10-29,pharma50,医药50,931140,pb,6.76,guzhibiao-public-funddb-history,funddb-native-unverified,separate-candidate-do-not-merge-with-official-weighted-history
2021-11-05,pharma50,医药50,931140,pb,6.79,guzhibiao-public-funddb-history,funddb-native-unverified,separate-candidate-do-not-merge-with-official-weighted-history
2021-11-12,pharma50,医药50,931140,pb,6.74,guzhibiao-public-funddb-history,funddb-native-unverified,separate-candidate-do-not-merge-with-official-weighted-history
2021-11-19,pharma50,医药50,931140,pb,6.92,guzhibiao-public-funddb-history,funddb-native-unverified,separate-candidate-do-not-merge-with-official-weighted-history
2021-11-26,pharma50,医药50,931140,pb,6.88,guzhibiao-public-funddb-history,funddb-native-unverified,separate-candidate-do-not-merge-with-official-weighted-history
2021-12-03,pharma50,医药50,931140,pb,6.72,guzhibiao-public-funddb-history,funddb-native-unverified,separate-candidate-do-not-merge-with-official-weighted-history
2021-12-10,pharma50,医药50,931140,pb,6.89,guzhibiao-public-funddb-history,funddb-native-unverified,separate-candidate-do-not-merge-with-official-weighted-history
2021-12-17,pharma50,医药50,931140,pb,6.7,guzhibiao-public-funddb-history,funddb-native-unverified,separate-candidate-do-not-merge-with-official-weighted-history
2021-12-24,pharma50,医药50,931140,pb,6.82,guzhibiao-public-funddb-history,funddb-native-unverified,separate-candidate-do-not-merge-with-official-weighted-history
2021-12-31,pharma50,医药50,931140,pb,6.86,guzhibiao-public-funddb-history,funddb-native-unverified,separate-candidate-do-not-merge-with-official-weighted-history
2022-01-07,pharma50,医药50,931140,pb,6.56,guzhibiao-public-funddb-history,funddb-native-unverified,separate-candidate-do-not-merge-with-official-weighted-history
2022-01-14,pharma50,医药50,931140,pb,6.57,guzhibiao-public-funddb-history,funddb-native-unverified,separate-candidate-do-not-merge-with-official-weighted-history
2022-01-21,pharma50,医药50,931140,pb,6.23,guzhibiao-public-funddb-history,funddb-native-unverified,separate-candidate-do-not-merge-with-official-weighted-history
2022-01-28,pharma50,医药50,931140,pb,5.81,guzhibiao-public-funddb-history,funddb-native-unverified,separate-candidate-do-not-merge-with-official-weighted-history
2022-02-11,pharma50,医药50,931140,pb,5.71,guzhibiao-public-funddb-history,funddb-native-unverified,separate-candidate-do-not-merge-with-official-weighted-history
2022-02-18,pharma50,医药50,931140,pb,5.97,guzhibiao-public-funddb-history,funddb-native-unverified,separate-candidate-do-not-merge-with-official-weighted-history
2022-02-25,pharma50,医药50,931140,pb,6.01,guzhibiao-public-funddb-history,funddb-native-unverified,separate-candidate-do-not-merge-with-official-weighted-history
2022-03-04,pharma50,医药50,931140,pb,5.89,guzhibiao-public-funddb-history,funddb-native-unverified,separate-candidate-do-not-merge-with-official-weighted-history
2022-03-11,pharma50,医药50,931140,pb,5.74,guzhibiao-public-funddb-history,funddb-native-unverified,separate-candidate-do-not-merge-with-official-weighted-history
2022-03-18,pharma50,医药50,931140,pb,5.78,guzhibiao-public-funddb-history,funddb-native-unverified,separate-candidate-do-not-merge-with-official-weighted-history
2022-03-25,pharma50,医药50,931140,pb,5.69,guzhibiao-public-funddb-history,funddb-native-unverified,separate-candidate-do-not-merge-with-official-weighted-history
2022-04-01,pharma50,医药50,931140,pb,5.77,guzhibiao-public-funddb-history,funddb-native-unverified,separate-candidate-do-not-merge-with-official-weighted-history
2022-04-08,pharma50,医药50,931140,pb,5.63,guzhibiao-public-funddb-history,funddb-native-unverified,separate-candidate-do-not-merge-with-official-weighted-history
2022-04-15,pharma50,医药50,931140,pb,5.62,guzhibiao-public-funddb-history,funddb-native-unverified,separate-candidate-do-not-merge-with-official-weighted-history
2022-04-22,pharma50,医药50,931140,pb,5.15,guzhibiao-public-funddb-history,funddb-native-unverified,separate-candidate-do-not-merge-with-official-weighted-history
2022-04-29,pharma50,医药50,931140,pb,4.9,guzhibiao-public-funddb-history,funddb-native-unverified,separate-candidate-do-not-merge-with-official-weighted-history
2022-05-06,pharma50,医药50,931140,pb,4.9,guzhibiao-public-funddb-history,funddb-native-unverified,separate-candidate-do-not-merge-with-official-weighted-history
2022-05-13,pharma50,医药50,931140,pb,5.04,guzhibiao-public-funddb-history,funddb-native-unverified,separate-candidate-do-not-merge-with-official-weighted-history
2022-05-20,pharma50,医药50,931140,pb,5.03,guzhibiao-public-funddb-history,funddb-native-unverified,separate-candidate-do-not-merge-with-official-weighted-history
2022-05-27,pharma50,医药50,931140,pb,4.88,guzhibiao-public-funddb-history,funddb-native-unverified,separate-candidate-do-not-merge-with-official-weighted-history
2022-06-02,pharma50,医药50,931140,pb,4.95,guzhibiao-public-funddb-history,funddb-native-unverified,separate-candidate-do-not-merge-with-official-weighted-history
2022-06-10,pharma50,医药50,931140,pb,5.15,guzhibiao-public-funddb-history,funddb-native-unverified,separate-candidate-do-not-merge-with-official-weighted-history
2022-06-17,pharma50,医药50,931140,pb,5.95,guzhibiao-public-funddb-history,funddb-native-unverified,separate-candidate-do-not-merge-with-official-weighted-history
2022-06-24,pharma50,医药50,931140,pb,6.11,guzhibiao-public-funddb-history,funddb-native-unverified,separate-candidate-do-not-merge-with-official-weighted-history
2022-07-01,pharma50,医药50,931140,pb,6.32,guzhibiao-public-funddb-history,funddb-native-unverified,separate-candidate-do-not-merge-with-official-weighted-history
2022-07-08,pharma50,医药50,931140,pb,6.4,guzhibiao-public-funddb-history,funddb-native-unverified,separate-candidate-do-not-merge-with-official-weighted-history
2022-07-15,pharma50,医药50,931140,pb,6.17,guzhibiao-public-funddb-history,funddb-native-unverified,separate-candidate-do-not-merge-with-official-weighted-history
2022-07-22,pharma50,医药50,931140,pb,6.07,guzhibiao-public-funddb-history,funddb-native-unverified,separate-candidate-do-not-merge-with-official-weighted-history
2022-07-29,pharma50,医药50,931140,pb,5.64,guzhibiao-public-funddb-history,funddb-native-unverified,separate-candidate-do-not-merge-with-official-weighted-history
2022-08-05,pharma50,医药50,931140,pb,5.79,guzhibiao-public-funddb-history,funddb-native-unverified,separate-candidate-do-not-merge-with-official-weighted-history
2022-08-12,pharma50,医药50,931140,pb,5.77,guzhibiao-public-funddb-history,funddb-native-unverified,separate-candidate-do-not-merge-with-official-weighted-history
2022-08-19,pharma50,医药50,931140,pb,5.51,guzhibiao-public-funddb-history,funddb-native-unverified,separate-candidate-do-not-merge-with-official-weighted-history
2022-08-26,pharma50,医药50,931140,pb,5.36,guzhibiao-public-funddb-history,funddb-native-unverified,separate-candidate-do-not-merge-with-official-weighted-history
2022-09-02,pharma50,医药50,931140,pb,5.24,guzhibiao-public-funddb-history,funddb-native-unverified,separate-candidate-do-not-merge-with-official-weighted-history
2022-09-09,pharma50,医药50,931140,pb,5.24,guzhibiao-public-funddb-history,funddb-native-unverified,separate-candidate-do-not-merge-with-official-weighted-history
2022-09-16,pharma50,医药50,931140,pb,4.96,guzhibiao-public-funddb-history,funddb-native-unverified,separate-candidate-do-not-merge-with-official-weighted-history
2022-09-23,pharma50,医药50,931140,pb,4.63,guzhibiao-public-funddb-history,funddb-native-unverified,separate-candidate-do-not-merge-with-official-weighted-history
2022-09-30,pharma50,医药50,931140,pb,4.94,guzhibiao-public-funddb-history,funddb-native-unverified,separate-candidate-do-not-merge-with-official-weighted-history
2022-10-14,pharma50,医药50,931140,pb,5.3,guzhibiao-public-funddb-history,funddb-native-unverified,separate-candidate-do-not-merge-with-official-weighted-history
2022-10-21,pharma50,医药50,931140,pb,5.3,guzhibiao-public-funddb-history,funddb-native-unverified,separate-candidate-do-not-merge-with-official-weighted-history
2022-10-28,pharma50,医药50,931140,pb,4.9,guzhibiao-public-funddb-history,funddb-native-unverified,separate-candidate-do-not-merge-with-official-weighted-history
2022-11-04,pharma50,医药50,931140,pb,5.16,guzhibiao-public-funddb-history,funddb-native-unverified,separate-candidate-do-not-merge-with-official-weighted-history
2022-11-11,pharma50,医药50,931140,pb,5.03,guzhibiao-public-funddb-history,funddb-native-unverified,separate-candidate-do-not-merge-with-official-weighted-history
2022-11-18,pharma50,医药50,931140,pb,5.32,guzhibiao-public-funddb-history,funddb-native-unverified,separate-candidate-do-not-merge-with-official-weighted-history
2022-11-25,pharma50,医药50,931140,pb,5.08,guzhibiao-public-funddb-history,funddb-native-unverified,separate-candidate-do-not-merge-with-official-weighted-history
2022-12-02,pharma50,医药50,931140,pb,5.16,guzhibiao-public-funddb-history,funddb-native-unverified,separate-candidate-do-not-merge-with-official-weighted-history
2022-12-09,pharma50,医药50,931140,pb,5.19,guzhibiao-public-funddb-history,funddb-native-unverified,separate-candidate-do-not-merge-with-official-weighted-history
2022-12-16,pharma50,医药50,931140,pb,4.92,guzhibiao-public-funddb-history,funddb-native-unverified,separate-candidate-do-not-merge-with-official-weighted-history
2022-12-23,pharma50,医药50,931140,pb,4.77,guzhibiao-public-funddb-history,funddb-native-unverified,separate-candidate-do-not-merge-with-official-weighted-history
2022-12-30,pharma50,医药50,931140,pb,4.86,guzhibiao-public-funddb-history,funddb-native-unverified,separate-candidate-do-not-merge-with-official-weighted-history
2023-01-06,pharma50,医药50,931140,pb,5,guzhibiao-public-funddb-history,funddb-native-unverified,separate-candidate-do-not-merge-with-official-weighted-history
2023-01-13,pharma50,医药50,931140,pb,5.19,guzhibiao-public-funddb-history,funddb-native-unverified,separate-candidate-do-not-merge-with-official-weighted-history
2023-01-20,pharma50,医药50,931140,pb,5.32,guzhibiao-public-funddb-history,funddb-native-unverified,separate-candidate-do-not-merge-with-official-weighted-history
2023-02-03,pharma50,医药50,931140,pb,5.2,guzhibiao-public-funddb-history,funddb-native-unverified,separate-candidate-do-not-merge-with-official-weighted-history
2023-02-10,pharma50,医药50,931140,pb,5.15,guzhibiao-public-funddb-history,funddb-native-unverified,separate-candidate-do-not-merge-with-official-weighted-history
2023-02-17,pharma50,医药50,931140,pb,5.12,guzhibiao-public-funddb-history,funddb-native-unverified,separate-candidate-do-not-merge-with-official-weighted-history
2023-02-24,pharma50,医药50,931140,pb,5.05,guzhibiao-public-funddb-history,funddb-native-unverified,separate-candidate-do-not-merge-with-official-weighted-history
2023-03-03,pharma50,医药50,931140,pb,4.99,guzhibiao-public-funddb-history,funddb-native-unverified,separate-candidate-do-not-merge-with-official-weighted-history
2023-03-10,pharma50,医药50,931140,pb,4.9,guzhibiao-public-funddb-history,funddb-native-unverified,separate-candidate-do-not-merge-with-official-weighted-history
2023-03-17,pharma50,医药50,931140,pb,4.78,guzhibiao-public-funddb-history,funddb-native-unverified,separate-candidate-do-not-merge-with-official-weighted-history
2023-03-24,pharma50,医药50,931140,pb,4.77,guzhibiao-public-funddb-history,funddb-native-unverified,separate-candidate-do-not-merge-with-official-weighted-history
2023-03-31,pharma50,医药50,931140,pb,4.83,guzhibiao-public-funddb-history,funddb-native-unverified,separate-candidate-do-not-merge-with-official-weighted-history
2023-04-07,pharma50,医药50,931140,pb,4.95,guzhibiao-public-funddb-history,funddb-native-unverified,separate-candidate-do-not-merge-with-official-weighted-history
2023-04-14,pharma50,医药50,931140,pb,4.97,guzhibiao-public-funddb-history,funddb-native-unverified,separate-candidate-do-not-merge-with-official-weighted-history
2023-04-21,pharma50,医药50,931140,pb,4.69,guzhibiao-public-funddb-history,funddb-native-unverified,separate-candidate-do-not-merge-with-official-weighted-history
2023-04-28,pharma50,医药50,931140,pb,4.56,guzhibiao-public-funddb-history,funddb-native-unverified,separate-candidate-do-not-merge-with-official-weighted-history
2023-05-05,pharma50,医药50,931140,pb,4.49,guzhibiao-public-funddb-history,funddb-native-unverified,separate-candidate-do-not-merge-with-official-weighted-history
2023-05-12,pharma50,医药50,931140,pb,4.4,guzhibiao-public-funddb-history,funddb-native-unverified,separate-candidate-do-not-merge-with-official-weighted-history
2023-05-19,pharma50,医药50,931140,pb,4.52,guzhibiao-public-funddb-history,funddb-native-unverified,separate-candidate-do-not-merge-with-official-weighted-history
2023-05-26,pharma50,医药50,931140,pb,4.51,guzhibiao-public-funddb-history,funddb-native-unverified,separate-candidate-do-not-merge-with-official-weighted-history
2023-06-02,pharma50,医药50,931140,pb,4.43,guzhibiao-public-funddb-history,funddb-native-unverified,separate-candidate-do-not-merge-with-official-weighted-history
2023-06-09,pharma50,医药50,931140,pb,4.36,guzhibiao-public-funddb-history,funddb-native-unverified,separate-candidate-do-not-merge-with-official-weighted-history
2023-06-16,pharma50,医药50,931140,pb,4.96,guzhibiao-public-funddb-history,funddb-native-unverified,separate-candidate-do-not-merge-with-official-weighted-history
2023-06-21,pharma50,医药50,931140,pb,4.78,guzhibiao-public-funddb-history,funddb-native-unverified,separate-candidate-do-not-merge-with-official-weighted-history
2023-06-30,pharma50,医药50,931140,pb,4.81,guzhibiao-public-funddb-history,funddb-native-unverified,separate-candidate-do-not-merge-with-official-weighted-history
2023-07-07,pharma50,医药50,931140,pb,4.77,guzhibiao-public-funddb-history,funddb-native-unverified,separate-candidate-do-not-merge-with-official-weighted-history
2023-07-14,pharma50,医药50,931140,pb,4.84,guzhibiao-public-funddb-history,funddb-native-unverified,separate-candidate-do-not-merge-with-official-weighted-history
2023-07-21,pharma50,医药50,931140,pb,4.81,guzhibiao-public-funddb-history,funddb-native-unverified,separate-candidate-do-not-merge-with-official-weighted-history
2023-07-28,pharma50,医药50,931140,pb,4.98,guzhibiao-public-funddb-history,funddb-native-unverified,separate-candidate-do-not-merge-with-official-weighted-history
2023-08-04,pharma50,医药50,931140,pb,4.74,guzhibiao-public-funddb-history,funddb-native-unverified,separate-candidate-do-not-merge-with-official-weighted-history
2023-08-11,pharma50,医药50,931140,pb,4.61,guzhibiao-public-funddb-history,funddb-native-unverified,separate-candidate-do-not-merge-with-official-weighted-history
2023-08-18,pharma50,医药50,931140,pb,4.53,guzhibiao-public-funddb-history,funddb-native-unverified,separate-candidate-do-not-merge-with-official-weighted-history
2023-08-25,pharma50,医药50,931140,pb,4.4,guzhibiao-public-funddb-history,funddb-native-unverified,separate-candidate-do-not-merge-with-official-weighted-history
2023-09-01,pharma50,医药50,931140,pb,4.34,guzhibiao-public-funddb-history,funddb-native-unverified,separate-candidate-do-not-merge-with-official-weighted-history
2023-09-08,pharma50,医药50,931140,pb,4.23,guzhibiao-public-funddb-history,funddb-native-unverified,separate-candidate-do-not-merge-with-official-weighted-history
2023-09-15,pharma50,医药50,931140,pb,4.39,guzhibiao-public-funddb-history,funddb-native-unverified,separate-candidate-do-not-merge-with-official-weighted-history
2023-09-22,pharma50,医药50,931140,pb,4.38,guzhibiao-public-funddb-history,funddb-native-unverified,separate-candidate-do-not-merge-with-official-weighted-history
2023-09-28,pharma50,医药50,931140,pb,4.48,guzhibiao-public-funddb-history,funddb-native-unverified,separate-candidate-do-not-merge-with-official-weighted-history
2023-10-13,pharma50,医药50,931140,pb,4.5,guzhibiao-public-funddb-history,funddb-native-unverified,separate-candidate-do-not-merge-with-official-weighted-history
2023-10-20,pharma50,医药50,931140,pb,4.18,guzhibiao-public-funddb-history,funddb-native-unverified,separate-candidate-do-not-merge-with-official-weighted-history
2023-10-27,pharma50,医药50,931140,pb,4.3,guzhibiao-public-funddb-history,funddb-native-unverified,separate-candidate-do-not-merge-with-official-weighted-history
2023-11-03,pharma50,医药50,931140,pb,4.31,guzhibiao-public-funddb-history,funddb-native-unverified,separate-candidate-do-not-merge-with-official-weighted-history
2023-11-10,pharma50,医药50,931140,pb,4.38,guzhibiao-public-funddb-history,funddb-native-unverified,separate-candidate-do-not-merge-with-official-weighted-history
2023-11-17,pharma50,医药50,931140,pb,4.34,guzhibiao-public-funddb-history,funddb-native-unverified,separate-candidate-do-not-merge-with-official-weighted-history
2023-11-24,pharma50,医药50,931140,pb,4.4,guzhibiao-public-funddb-history,funddb-native-unverified,separate-candidate-do-not-merge-with-official-weighted-history
2023-12-01,pharma50,医药50,931140,pb,4.42,guzhibiao-public-funddb-history,funddb-native-unverified,separate-candidate-do-not-merge-with-official-weighted-history
2023-12-08,pharma50,医药50,931140,pb,4.3,guzhibiao-public-funddb-history,funddb-native-unverified,separate-candidate-do-not-merge-with-official-weighted-history
2023-12-15,pharma50,医药50,931140,pb,4.47,guzhibiao-public-funddb-history,funddb-native-unverified,separate-candidate-do-not-merge-with-official-weighted-history
2023-12-22,pharma50,医药50,931140,pb,4.44,guzhibiao-public-funddb-history,funddb-native-unverified,separate-candidate-do-not-merge-with-official-weighted-history
2023-12-29,pharma50,医药50,931140,pb,4.55,guzhibiao-public-funddb-history,funddb-native-unverified,separate-candidate-do-not-merge-with-official-weighted-history
2024-01-05,pharma50,医药50,931140,pb,4.39,guzhibiao-public-funddb-history,funddb-native-unverified,separate-candidate-do-not-merge-with-official-weighted-history
2024-01-12,pharma50,医药50,931140,pb,4.3,guzhibiao-public-funddb-history,funddb-native-unverified,separate-candidate-do-not-merge-with-official-weighted-history
2024-01-19,pharma50,医药50,931140,pb,4.26,guzhibiao-public-funddb-history,funddb-native-unverified,separate-candidate-do-not-merge-with-official-weighted-history
2024-01-26,pharma50,医药50,931140,pb,4.15,guzhibiao-public-funddb-history,funddb-native-unverified,separate-candidate-do-not-merge-with-official-weighted-history
2024-02-02,pharma50,医药50,931140,pb,3.74,guzhibiao-public-funddb-history,funddb-native-unverified,separate-candidate-do-not-merge-with-official-weighted-history
2024-02-08,pharma50,医药50,931140,pb,4.2,guzhibiao-public-funddb-history,funddb-native-unverified,separate-candidate-do-not-merge-with-official-weighted-history
2024-02-23,pharma50,医药50,931140,pb,4.21,guzhibiao-public-funddb-history,funddb-native-unverified,separate-candidate-do-not-merge-with-official-weighted-history
2024-03-01,pharma50,医药50,931140,pb,4.27,guzhibiao-public-funddb-history,funddb-native-unverified,separate-candidate-do-not-merge-with-official-weighted-history
2024-03-08,pharma50,医药50,931140,pb,4.18,guzhibiao-public-funddb-history,funddb-native-unverified,separate-candidate-do-not-merge-with-official-weighted-history
2024-03-15,pharma50,医药50,931140,pb,4.32,guzhibiao-public-funddb-history,funddb-native-unverified,separate-candidate-do-not-merge-with-official-weighted-history
2024-03-22,pharma50,医药50,931140,pb,4.17,guzhibiao-public-funddb-history,funddb-native-unverified,separate-candidate-do-not-merge-with-official-weighted-history
2024-03-29,pharma50,医药50,931140,pb,4.05,guzhibiao-public-funddb-history,funddb-native-unverified,separate-candidate-do-not-merge-with-official-weighted-history
2024-04-03,pharma50,医药50,931140,pb,4.02,guzhibiao-public-funddb-history,funddb-native-unverified,separate-candidate-do-not-merge-with-official-weighted-history
2024-04-12,pharma50,医药50,931140,pb,3.92,guzhibiao-public-funddb-history,funddb-native-unverified,separate-candidate-do-not-merge-with-official-weighted-history
2024-04-19,pharma50,医药50,931140,pb,3.89,guzhibiao-public-funddb-history,funddb-native-unverified,separate-candidate-do-not-merge-with-official-weighted-history
2024-04-26,pharma50,医药50,931140,pb,3.98,guzhibiao-public-funddb-history,funddb-native-unverified,separate-candidate-do-not-merge-with-official-weighted-history
2024-04-30,pharma50,医药50,931140,pb,4.02,guzhibiao-public-funddb-history,funddb-native-unverified,separate-candidate-do-not-merge-with-official-weighted-history
2024-05-10,pharma50,医药50,931140,pb,4.08,guzhibiao-public-funddb-history,funddb-native-unverified,separate-candidate-do-not-merge-with-official-weighted-history
2024-05-17,pharma50,医药50,931140,pb,4.04,guzhibiao-public-funddb-history,funddb-native-unverified,separate-candidate-do-not-merge-with-official-weighted-history
2024-05-24,pharma50,医药50,931140,pb,3.92,guzhibiao-public-funddb-history,funddb-native-unverified,separate-candidate-do-not-merge-with-official-weighted-history
2024-05-31,pharma50,医药50,931140,pb,3.91,guzhibiao-public-funddb-history,funddb-native-unverified,separate-candidate-do-not-merge-with-official-weighted-history
2024-06-07,pharma50,医药50,931140,pb,3.92,guzhibiao-public-funddb-history,funddb-native-unverified,separate-candidate-do-not-merge-with-official-weighted-history
2024-06-14,pharma50,医药50,931140,pb,3.87,guzhibiao-public-funddb-history,funddb-native-unverified,separate-candidate-do-not-merge-with-official-weighted-history
2024-06-21,pharma50,医药50,931140,pb,4.09,guzhibiao-public-funddb-history,funddb-native-unverified,separate-candidate-do-not-merge-with-official-weighted-history
2024-06-28,pharma50,医药50,931140,pb,3.99,guzhibiao-public-funddb-history,funddb-native-unverified,separate-candidate-do-not-merge-with-official-weighted-history
2024-07-05,pharma50,医药50,931140,pb,3.97,guzhibiao-public-funddb-history,funddb-native-unverified,separate-candidate-do-not-merge-with-official-weighted-history
2024-07-12,pharma50,医药50,931140,pb,3.99,guzhibiao-public-funddb-history,funddb-native-unverified,separate-candidate-do-not-merge-with-official-weighted-history
2024-07-19,pharma50,医药50,931140,pb,4.11,guzhibiao-public-funddb-history,funddb-native-unverified,separate-candidate-do-not-merge-with-official-weighted-history
2024-07-26,pharma50,医药50,931140,pb,3.92,guzhibiao-public-funddb-history,funddb-native-unverified,separate-candidate-do-not-merge-with-official-weighted-history
2024-08-02,pharma50,医药50,931140,pb,3.96,guzhibiao-public-funddb-history,funddb-native-unverified,separate-candidate-do-not-merge-with-official-weighted-history
2024-08-09,pharma50,医药50,931140,pb,3.94,guzhibiao-public-funddb-history,funddb-native-unverified,separate-candidate-do-not-merge-with-official-weighted-history
2024-08-16,pharma50,医药50,931140,pb,3.89,guzhibiao-public-funddb-history,funddb-native-unverified,separate-candidate-do-not-merge-with-official-weighted-history
2024-08-23,pharma50,医药50,931140,pb,3.74,guzhibiao-public-funddb-history,funddb-native-unverified,separate-candidate-do-not-merge-with-official-weighted-history
2024-08-30,pharma50,医药50,931140,pb,3.72,guzhibiao-public-funddb-history,funddb-native-unverified,separate-candidate-do-not-merge-with-official-weighted-history
2024-09-06,pharma50,医药50,931140,pb,3.65,guzhibiao-public-funddb-history,funddb-native-unverified,separate-candidate-do-not-merge-with-official-weighted-history
2024-09-13,pharma50,医药50,931140,pb,3.58,guzhibiao-public-funddb-history,funddb-native-unverified,separate-candidate-do-not-merge-with-official-weighted-history
2024-09-20,pharma50,医药50,931140,pb,3.57,guzhibiao-public-funddb-history,funddb-native-unverified,separate-candidate-do-not-merge-with-official-weighted-history
2024-09-27,pharma50,医药50,931140,pb,4.16,guzhibiao-public-funddb-history,funddb-native-unverified,separate-candidate-do-not-merge-with-official-weighted-history
2024-09-30,pharma50,医药50,931140,pb,4.61,guzhibiao-public-funddb-history,funddb-native-unverified,separate-candidate-do-not-merge-with-official-weighted-history
2024-10-11,pharma50,医药50,931140,pb,4.37,guzhibiao-public-funddb-history,funddb-native-unverified,separate-candidate-do-not-merge-with-official-weighted-history
2024-10-18,pharma50,医药50,931140,pb,4.32,guzhibiao-public-funddb-history,funddb-native-unverified,separate-candidate-do-not-merge-with-official-weighted-history
2024-10-25,pharma50,医药50,931140,pb,4.38,guzhibiao-public-funddb-history,funddb-native-unverified,separate-candidate-do-not-merge-with-official-weighted-history
2024-11-01,pharma50,医药50,931140,pb,4.18,guzhibiao-public-funddb-history,funddb-native-unverified,separate-candidate-do-not-merge-with-official-weighted-history
2024-11-08,pharma50,医药50,931140,pb,4.44,guzhibiao-public-funddb-history,funddb-native-unverified,separate-candidate-do-not-merge-with-official-weighted-history
2024-11-15,pharma50,医药50,931140,pb,4.27,guzhibiao-public-funddb-history,funddb-native-unverified,separate-candidate-do-not-merge-with-official-weighted-history
2024-11-22,pharma50,医药50,931140,pb,4.16,guzhibiao-public-funddb-history,funddb-native-unverified,separate-candidate-do-not-merge-with-official-weighted-history
2024-11-29,pharma50,医药50,931140,pb,4.27,guzhibiao-public-funddb-history,funddb-native-unverified,separate-candidate-do-not-merge-with-official-weighted-history
2024-12-06,pharma50,医药50,931140,pb,4.31,guzhibiao-public-funddb-history,funddb-native-unverified,separate-candidate-do-not-merge-with-official-weighted-history
2024-12-13,pharma50,医药50,931140,pb,4.25,guzhibiao-public-funddb-history,funddb-native-unverified,separate-candidate-do-not-merge-with-official-weighted-history
2024-12-20,pharma50,医药50,931140,pb,4.44,guzhibiao-public-funddb-history,funddb-native-unverified,separate-candidate-do-not-merge-with-official-weighted-history
2024-12-27,pharma50,医药50,931140,pb,4.44,guzhibiao-public-funddb-history,funddb-native-unverified,separate-candidate-do-not-merge-with-official-weighted-history
2025-01-03,pharma50,医药50,931140,pb,4.21,guzhibiao-public-funddb-history,funddb-native-unverified,separate-candidate-do-not-merge-with-official-weighted-history
2025-01-10,pharma50,医药50,931140,pb,4.08,guzhibiao-public-funddb-history,funddb-native-unverified,separate-candidate-do-not-merge-with-official-weighted-history
2025-01-17,pharma50,医药50,931140,pb,4.16,guzhibiao-public-funddb-history,funddb-native-unverified,separate-candidate-do-not-merge-with-official-weighted-history
2025-01-24,pharma50,医药50,931140,pb,4.19,guzhibiao-public-funddb-history,funddb-native-unverified,separate-candidate-do-not-merge-with-official-weighted-history
2025-01-27,pharma50,医药50,931140,pb,4.19,guzhibiao-public-funddb-history,funddb-native-unverified,separate-candidate-do-not-merge-with-official-weighted-history
2025-02-07,pharma50,医药50,931140,pb,4.28,guzhibiao-public-funddb-history,funddb-native-unverified,separate-candidate-do-not-merge-with-official-weighted-history
2025-02-14,pharma50,医药50,931140,pb,4.37,guzhibiao-public-funddb-history,funddb-native-unverified,separate-candidate-do-not-merge-with-official-weighted-history
2025-02-21,pharma50,医药50,931140,pb,4.48,guzhibiao-public-funddb-history,funddb-native-unverified,separate-candidate-do-not-merge-with-official-weighted-history
2025-02-28,pharma50,医药50,931140,pb,4.34,guzhibiao-public-funddb-history,funddb-native-unverified,separate-candidate-do-not-merge-with-official-weighted-history
2025-03-07,pharma50,医药50,931140,pb,4.31,guzhibiao-public-funddb-history,funddb-native-unverified,separate-candidate-do-not-merge-with-official-weighted-history
2025-03-14,pharma50,医药50,931140,pb,4.42,guzhibiao-public-funddb-history,funddb-native-unverified,separate-candidate-do-not-merge-with-official-weighted-history
2025-03-21,pharma50,医药50,931140,pb,4.31,guzhibiao-public-funddb-history,funddb-native-unverified,separate-candidate-do-not-merge-with-official-weighted-history
2025-03-28,pharma50,医药50,931140,pb,4.38,guzhibiao-public-funddb-history,funddb-native-unverified,separate-candidate-do-not-merge-with-official-weighted-history
2025-04-03,pharma50,医药50,931140,pb,4.4,guzhibiao-public-funddb-history,funddb-native-unverified,separate-candidate-do-not-merge-with-official-weighted-history
2025-04-11,pharma50,医药50,931140,pb,4.23,guzhibiao-public-funddb-history,funddb-native-unverified,separate-candidate-do-not-merge-with-official-weighted-history
2025-04-18,pharma50,医药50,931140,pb,4.19,guzhibiao-public-funddb-history,funddb-native-unverified,separate-candidate-do-not-merge-with-official-weighted-history
2025-04-25,pharma50,医药50,931140,pb,4.19,guzhibiao-public-funddb-history,funddb-native-unverified,separate-candidate-do-not-merge-with-official-weighted-history
2025-04-30,pharma50,医药50,931140,pb,4.1,guzhibiao-public-funddb-history,funddb-native-unverified,separate-candidate-do-not-merge-with-official-weighted-history
2025-05-09,pharma50,医药50,931140,pb,4.13,guzhibiao-public-funddb-history,funddb-native-unverified,separate-candidate-do-not-merge-with-official-weighted-history
2025-05-16,pharma50,医药50,931140,pb,4.16,guzhibiao-public-funddb-history,funddb-native-unverified,separate-candidate-do-not-merge-with-official-weighted-history
2025-05-23,pharma50,医药50,931140,pb,4.26,guzhibiao-public-funddb-history,funddb-native-unverified,separate-candidate-do-not-merge-with-official-weighted-history
2025-05-30,pharma50,医药50,931140,pb,4.28,guzhibiao-public-funddb-history,funddb-native-unverified,separate-candidate-do-not-merge-with-official-weighted-history
2025-06-06,pharma50,医药50,931140,pb,4.3,guzhibiao-public-funddb-history,funddb-native-unverified,separate-candidate-do-not-merge-with-official-weighted-history
2025-06-13,pharma50,医药50,931140,pb,4.38,guzhibiao-public-funddb-history,funddb-native-unverified,separate-candidate-do-not-merge-with-official-weighted-history
2025-06-20,pharma50,医药50,931140,pb,4.17,guzhibiao-public-funddb-history,funddb-native-unverified,separate-candidate-do-not-merge-with-official-weighted-history
2025-06-27,pharma50,医药50,931140,pb,4.22,guzhibiao-public-funddb-history,funddb-native-unverified,separate-candidate-do-not-merge-with-official-weighted-history
2025-07-04,pharma50,医药50,931140,pb,4.34,guzhibiao-public-funddb-history,funddb-native-unverified,separate-candidate-do-not-merge-with-official-weighted-history
2025-07-11,pharma50,医药50,931140,pb,4.38,guzhibiao-public-funddb-history,funddb-native-unverified,separate-candidate-do-not-merge-with-official-weighted-history
2025-07-18,pharma50,医药50,931140,pb,4.58,guzhibiao-public-funddb-history,funddb-native-unverified,separate-candidate-do-not-merge-with-official-weighted-history
2025-07-25,pharma50,医药50,931140,pb,4.64,guzhibiao-public-funddb-history,funddb-native-unverified,separate-candidate-do-not-merge-with-official-weighted-history
2025-08-01,pharma50,医药50,931140,pb,4.73,guzhibiao-public-funddb-history,funddb-native-unverified,separate-candidate-do-not-merge-with-official-weighted-history
2025-08-08,pharma50,医药50,931140,pb,4.66,guzhibiao-public-funddb-history,funddb-native-unverified,separate-candidate-do-not-merge-with-official-weighted-history
2025-08-15,pharma50,医药50,931140,pb,4.75,guzhibiao-public-funddb-history,funddb-native-unverified,separate-candidate-do-not-merge-with-official-weighted-history
2025-08-22,pharma50,医药50,931140,pb,4.82,guzhibiao-public-funddb-history,funddb-native-unverified,separate-candidate-do-not-merge-with-official-weighted-history
2025-08-29,pharma50,医药50,931140,pb,4.8,guzhibiao-public-funddb-history,funddb-native-unverified,separate-candidate-do-not-merge-with-official-weighted-history
2025-09-05,pharma50,医药50,931140,pb,4.98,guzhibiao-public-funddb-history,funddb-native-unverified,separate-candidate-do-not-merge-with-official-weighted-history
2025-09-12,pharma50,医药50,931140,pb,4.92,guzhibiao-public-funddb-history,funddb-native-unverified,separate-candidate-do-not-merge-with-official-weighted-history
2025-09-19,pharma50,医药50,931140,pb,4.87,guzhibiao-public-funddb-history,funddb-native-unverified,separate-candidate-do-not-merge-with-official-weighted-history
2025-09-26,pharma50,医药50,931140,pb,4.85,guzhibiao-public-funddb-history,funddb-native-unverified,separate-candidate-do-not-merge-with-official-weighted-history
2025-09-30,pharma50,医药50,931140,pb,4.94,guzhibiao-public-funddb-history,funddb-native-unverified,separate-candidate-do-not-merge-with-official-weighted-history
2025-10-10,pharma50,医药50,931140,pb,4.84,guzhibiao-public-funddb-history,funddb-native-unverified,separate-candidate-do-not-merge-with-official-weighted-history
2025-10-17,pharma50,医药50,931140,pb,4.63,guzhibiao-public-funddb-history,funddb-native-unverified,separate-candidate-do-not-merge-with-official-weighted-history
2025-10-24,pharma50,医药50,931140,pb,4.64,guzhibiao-public-funddb-history,funddb-native-unverified,separate-candidate-do-not-merge-with-official-weighted-history
2025-10-31,pharma50,医药50,931140,pb,4.46,guzhibiao-public-funddb-history,funddb-native-unverified,separate-candidate-do-not-merge-with-official-weighted-history
2025-11-07,pharma50,医药50,931140,pb,4.33,guzhibiao-public-funddb-history,funddb-native-unverified,separate-candidate-do-not-merge-with-official-weighted-history
2025-11-14,pharma50,医药50,931140,pb,4.44,guzhibiao-public-funddb-history,funddb-native-unverified,separate-candidate-do-not-merge-with-official-weighted-history
2025-11-21,pharma50,医药50,931140,pb,4.23,guzhibiao-public-funddb-history,funddb-native-unverified,separate-candidate-do-not-merge-with-official-weighted-history
2025-11-28,pharma50,医药50,931140,pb,4.29,guzhibiao-public-funddb-history,funddb-native-unverified,separate-candidate-do-not-merge-with-official-weighted-history
2025-12-05,pharma50,医药50,931140,pb,4.27,guzhibiao-public-funddb-history,funddb-native-unverified,separate-candidate-do-not-merge-with-official-weighted-history
2025-12-12,pharma50,医药50,931140,pb,4.26,guzhibiao-public-funddb-history,funddb-native-unverified,separate-candidate-do-not-merge-with-official-weighted-history
2025-12-19,pharma50,医药50,931140,pb,3.87,guzhibiao-public-funddb-history,funddb-native-unverified,separate-candidate-do-not-merge-with-official-weighted-history
2025-12-26,pharma50,医药50,931140,pb,3.87,guzhibiao-public-funddb-history,funddb-native-unverified,separate-candidate-do-not-merge-with-official-weighted-history
2025-12-31,pharma50,医药50,931140,pb,3.77,guzhibiao-public-funddb-history,funddb-native-unverified,separate-candidate-do-not-merge-with-official-weighted-history
2026-01-09,pharma50,医药50,931140,pb,4.02,guzhibiao-public-funddb-history,funddb-native-unverified,separate-candidate-do-not-merge-with-official-weighted-history
2026-01-16,pharma50,医药50,931140,pb,3.98,guzhibiao-public-funddb-history,funddb-native-unverified,separate-candidate-do-not-merge-with-official-weighted-history
2026-01-23,pharma50,医药50,931140,pb,3.9,guzhibiao-public-funddb-history,funddb-native-unverified,separate-candidate-do-not-merge-with-official-weighted-history
2026-01-30,pharma50,医药50,931140,pb,3.79,guzhibiao-public-funddb-history,funddb-native-unverified,separate-candidate-do-not-merge-with-official-weighted-history
2026-02-06,pharma50,医药50,931140,pb,3.81,guzhibiao-public-funddb-history,funddb-native-unverified,separate-candidate-do-not-merge-with-official-weighted-history
2026-02-13,pharma50,医药50,931140,pb,3.79,guzhibiao-public-funddb-history,funddb-native-unverified,separate-candidate-do-not-merge-with-official-weighted-history
2026-02-27,pharma50,医药50,931140,pb,3.78,guzhibiao-public-funddb-history,funddb-native-unverified,separate-candidate-do-not-merge-with-official-weighted-history
2026-03-06,pharma50,医药50,931140,pb,3.72,guzhibiao-public-funddb-history,funddb-native-unverified,separate-candidate-do-not-merge-with-official-weighted-history
2026-03-13,pharma50,医药50,931140,pb,3.69,guzhibiao-public-funddb-history,funddb-native-unverified,separate-candidate-do-not-merge-with-official-weighted-history
2026-03-20,pharma50,医药50,931140,pb,3.63,guzhibiao-public-funddb-history,funddb-native-unverified,separate-candidate-do-not-merge-with-official-weighted-history
2026-03-27,pharma50,医药50,931140,pb,3.61,guzhibiao-public-funddb-history,funddb-native-unverified,separate-candidate-do-not-merge-with-official-weighted-history
2026-04-03,pharma50,医药50,931140,pb,3.65,guzhibiao-public-funddb-history,funddb-native-unverified,separate-candidate-do-not-merge-with-official-weighted-history
2026-04-10,pharma50,医药50,931140,pb,3.69,guzhibiao-public-funddb-history,funddb-native-unverified,separate-candidate-do-not-merge-with-official-weighted-history
2026-04-17,pharma50,医药50,931140,pb,3.61,guzhibiao-public-funddb-history,funddb-native-unverified,separate-candidate-do-not-merge-with-official-weighted-history
2026-04-24,pharma50,医药50,931140,pb,3.55,guzhibiao-public-funddb-history,funddb-native-unverified,separate-candidate-do-not-merge-with-official-weighted-history
2026-04-30,pharma50,医药50,931140,pb,3.47,guzhibiao-public-funddb-history,funddb-native-unverified,separate-candidate-do-not-merge-with-official-weighted-history
2026-05-08,pharma50,医药50,931140,pb,3.43,guzhibiao-public-funddb-history,funddb-native-unverified,separate-candidate-do-not-merge-with-official-weighted-history
2026-05-15,pharma50,医药50,931140,pb,3.35,guzhibiao-public-funddb-history,funddb-native-unverified,separate-candidate-do-not-merge-with-official-weighted-history
2026-05-22,pharma50,医药50,931140,pb,3.24,guzhibiao-public-funddb-history,funddb-native-unverified,separate-candidate-do-not-merge-with-official-weighted-history
2026-05-29,pharma50,医药50,931140,pb,3.27,guzhibiao-public-funddb-history,funddb-native-unverified,separate-candidate-do-not-merge-with-official-weighted-history
2026-06-05,pharma50,医药50,931140,pb,3.15,guzhibiao-public-funddb-history,funddb-native-unverified,separate-candidate-do-not-merge-with-official-weighted-history
2026-06-12,pharma50,医药50,931140,pb,3.21,guzhibiao-public-funddb-history,funddb-native-unverified,separate-candidate-do-not-merge-with-official-weighted-history
2026-06-18,pharma50,医药50,931140,pb,3.49,guzhibiao-public-funddb-history,funddb-native-unverified,separate-candidate-do-not-merge-with-official-weighted-history
2026-06-26,pharma50,医药50,931140,pb,3.58,guzhibiao-public-funddb-history,funddb-native-unverified,separate-candidate-do-not-merge-with-official-weighted-history
2026-07-03,pharma50,医药50,931140,pb,4.02,guzhibiao-public-funddb-history,funddb-native-unverified,separate-candidate-do-not-merge-with-official-weighted-history
2026-07-10,pharma50,医药50,931140,pb,3.99,guzhibiao-public-funddb-history,funddb-native-unverified,separate-candidate-do-not-merge-with-official-weighted-history
2026-07-17,pharma50,医药50,931140,pb,3.95,guzhibiao-public-funddb-history,funddb-native-unverified,separate-candidate-do-not-merge-with-official-weighted-history
2026-07-24,pharma50,医药50,931140,pb,4,guzhibiao-public-funddb-history,funddb-native-unverified,separate-candidate-do-not-merge-with-official-weighted-history
2026-07-31,pharma50,医药50,931140,pb,4.05,guzhibiao-public-funddb-history,funddb-native-unverified,separate-candidate-do-not-merge-with-official-weighted-history
2026-08-07,pharma50,医药50,931140,pb,4.29,guzhibiao-public-funddb-history,funddb-native-unverified,separate-candidate-do-not-merge-with-official-weighted-history
2026-08-14,pharma50,医药50,931140,pb,4.26,guzhibiao-public-funddb-history,funddb-native-unverified,separate-candidate-do-not-merge-with-official-weighted-history
2026-08-21,pharma50,医药50,931140,pb,4.15,guzhibiao-public-funddb-history,funddb-native-unverified,separate-candidate-do-not-merge-with-official-weighted-history
2026-08-28,pharma50,医药50,931140,pb,3.99,guzhibiao-public-funddb-history,funddb-native-unverified,separate-candidate-do-not-merge-with-official-weighted-history
2026-09-04,pharma50,医药50,931140,pb,3.98,guzhibiao-public-funddb-history,funddb-native-unverified,separate-candidate-do-not-merge-with-official-weighted-history
2026-09-11,pharma50,医药50,931140,pb,3.86,guzhibiao-public-funddb-history,funddb-native-unverified,separate-candidate-do-not-merge-with-official-weighted-history
2026-09-18,pharma50,医药50,931140,pb,3.87,guzhibiao-public-funddb-history,funddb-native-unverified,separate-candidate-do-not-merge-with-official-weighted-history
2026-09-24,pharma50,医药50,931140,pb,4.01,guzhibiao-public-funddb-history,funddb-native-unverified,separate-candidate-do-not-merge-with-official-weighted-history
2026-09-29,pharma50,医药50,931140,pb,3.94,guzhibiao-public-funddb-history,funddb-native-unverified,separate-candidate-do-not-merge-with-official-weighted-history
